-- --------------------------------------------------------
-- 호스트:                          127.0.0.1
-- 서버 버전:                        10.5.24-MariaDB - mariadb.org binary distribution
-- 서버 OS:                        Win64
-- HeidiSQL 버전:                  12.6.0.6765
-- --------------------------------------------------------

/*!40101 SET @OLD_CHARACTER_SET_CLIENT=@@CHARACTER_SET_CLIENT */;
/*!40101 SET NAMES utf8 */;
/*!50503 SET NAMES utf8mb4 */;
/*!40103 SET @OLD_TIME_ZONE=@@TIME_ZONE */;
/*!40103 SET TIME_ZONE='+00:00' */;
/*!40014 SET @OLD_FOREIGN_KEY_CHECKS=@@FOREIGN_KEY_CHECKS, FOREIGN_KEY_CHECKS=0 */;
/*!40101 SET @OLD_SQL_MODE=@@SQL_MODE, SQL_MODE='NO_AUTO_VALUE_ON_ZERO' */;
/*!40111 SET @OLD_SQL_NOTES=@@SQL_NOTES, SQL_NOTES=0 */;


-- topaz 데이터베이스 구조 내보내기
CREATE DATABASE IF NOT EXISTS `topaz` /*!40100 DEFAULT CHARACTER SET utf8 COLLATE utf8_general_ci */;
USE `topaz`;

-- 테이블 topaz.amenity 구조 내보내기
CREATE TABLE IF NOT EXISTS `amenity` (
  `amenity_no` varchar(50) NOT NULL,
  `amenity_name` varchar(50) NOT NULL COMMENT '공통코드 C001(1:샴푸, 2:린스, 3:바디워시, 4:수건, 5:휴지)',
  `amenity_stock` int(11) NOT NULL,
  `reg_time` datetime NOT NULL,
  `mod_time` datetime NOT NULL,
  `reg_id` varchar(50) NOT NULL,
  `mod_id` varchar(50) NOT NULL,
  `use_yn` varchar(50) NOT NULL COMMENT '공통코드 A002(Y:예, N:아니오)		',
  PRIMARY KEY (`amenity_no`)
) ENGINE=InnoDB DEFAULT CHARSET=utf8mb4 COLLATE=utf8mb4_general_ci COMMENT='회사에서 보는 어매니티 용품';

-- 테이블 데이터 topaz.amenity:~5 rows (대략적) 내보내기
INSERT INTO `amenity` (`amenity_no`, `amenity_name`, `amenity_stock`, `reg_time`, `mod_time`, `reg_id`, `mod_id`, `use_yn`) VALUES
	('1', '샴푸', 100, '2023-01-01 15:39:05', '2024-01-01 15:39:05', 'C3de4f5gh', 'C3de4f5gh', 'Y'),
	('2', '린스', 50, '2023-01-01 15:39:05', '2024-01-01 15:39:05', 'C3de4f5gh', 'C3de4f5gh', 'Y'),
	('3', '바디워시', 75, '2023-01-01 15:39:05', '2024-01-01 15:39:05', 'C3de4f5gh', 'C3de4f5gh', 'Y'),
	('4', '수건', 200, '2023-01-01 15:39:05', '2024-01-01 15:39:05', 'C3de4f5gh', 'C3de4f5gh', 'Y'),
	('5', '휴지', 300, '2023-01-01 15:39:05', '2024-01-01 15:39:05', 'C3de4f5gh', 'C3de4f5gh', 'Y');

-- 테이블 topaz.amenity_request 구조 내보내기
CREATE TABLE IF NOT EXISTS `amenity_request` (
  `request_no` varchar(50) NOT NULL,
  `gst_id` varchar(50) NOT NULL,
  `amenity_no` varchar(50) NOT NULL,
  `request_quan` int(11) NOT NULL,
  `reg_time` datetime NOT NULL,
  `mod_time` datetime NOT NULL,
  `reg_id` varchar(50) NOT NULL,
  `mod_id` varchar(50) NOT NULL,
  `use_yn` varchar(50) NOT NULL COMMENT '공통코드 A002(Y:예, N:아니오)	'
) ENGINE=InnoDB DEFAULT CHARSET=utf8mb4 COLLATE=utf8mb4_general_ci COMMENT='어매니티 신청한 입주자와 신청한 용품											';

-- 테이블 데이터 topaz.amenity_request:~21 rows (대략적) 내보내기
INSERT INTO `amenity_request` (`request_no`, `gst_id`, `amenity_no`, `request_quan`, `reg_time`, `mod_time`, `reg_id`, `mod_id`, `use_yn`) VALUES
	('2024-07-04 10:35:25.40886', 'G001', '1', 3, '2024-01-01 08:00:00', '2024-01-01 08:00:00', 'C3de4f5gh', 'C3de4f5gh', 'Y'),
	('2024-07-04 10:36:09.82653', 'G010', '1', 4, '2024-07-01 12:00:00', '2024-07-01 12:00:00', 'C3de4f5gh', 'C3de4f5gh', 'Y'),
	('2024-07-04 10:35:25.40886', 'G001', '2', 1, '2024-01-01 08:00:00', '2024-01-01 08:00:00', 'C3de4f5gh', 'C3de4f5gh', 'Y'),
	('2024-07-04 10:35:25.40886', 'G001', '3', 2, '2024-01-01 08:00:00', '2024-01-01 08:00:00', 'C3de4f5gh', 'C3de4f5gh', 'Y'),
	('2024-07-04 10:35:25.40886', 'G001', '4', 1, '2024-01-01 08:00:00', '2024-01-01 08:00:00', 'C3de4f5gh', 'C3de4f5gh', 'Y'),
	('2024-07-04 10:35:25.40886', 'G001', '5', 3, '2024-01-01 08:00:00', '2024-01-01 08:00:00', 'C3de4f5gh', 'C3de4f5gh', 'Y'),
	('2024-07-04 10:35:48.14030', 'G004', '1', 1, '2024-04-01 08:00:00', '2024-04-01 08:00:00', 'C3de4f5gh', 'C3de4f5gh', 'Y'),
	('2024-07-04 10:35:48.14030', 'G004', '2', 3, '2024-04-01 08:00:00', '2024-04-01 08:00:00', 'C3de4f5gh', 'C3de4f5gh', 'Y'),
	('2024-07-04 10:35:48.14030', 'G004', '3', 2, '2024-04-01 08:00:00', '2024-04-01 08:00:00', 'C3de4f5gh', 'C3de4f5gh', 'Y'),
	('2024-07-04 10:35:48.14030', 'G004', '4', 1, '2024-04-01 08:00:00', '2024-04-01 08:00:00', 'C3de4f5gh', 'C3de4f5gh', 'Y'),
	('2024-07-04 10:35:48.14030', 'G004', '5', 3, '2024-04-01 08:00:00', '2024-04-01 08:00:00', 'C3de4f5gh', 'C3de4f5gh', 'Y'),
	('2024-07-04 10:35:56.10702', 'G006', '1', 1, '2024-05-01 08:00:00', '2024-05-01 08:00:00', 'C3de4f5gh', 'C3de4f5gh', 'Y'),
	('2024-07-04 10:35:56.10702', 'G006', '3', 3, '2024-05-01 08:00:00', '2024-05-01 08:00:00', 'C3de4f5gh', 'C3de4f5gh', 'Y'),
	('2024-07-04 10:35:56.10702', 'G006', '4', 1, '2024-05-01 08:00:00', '2024-05-01 08:00:00', 'C3de4f5gh', 'C3de4f5gh', 'Y'),
	('2024-07-04 10:35:56.10702', 'G006', '5', 2, '2024-05-01 08:00:00', '2024-05-01 08:00:00', 'C3de4f5gh', 'C3de4f5gh', 'Y'),
	('2024-07-04 10:36:02.84645', 'G008', '1', 1, '2024-06-01 08:00:00', '2024-06-01 08:00:00', 'C3de4f5gh', 'C3de4f5gh', 'Y'),
	('2024-07-04 10:36:02.84645', 'G008', '2', 2, '2024-06-01 08:00:00', '2024-06-01 08:00:00', 'C3de4f5gh', 'C3de4f5gh', 'Y'),
	('2024-07-04 10:36:02.84645', 'G008', '3', 3, '2024-06-01 08:00:00', '2024-06-01 08:00:00', 'C3de4f5gh', 'C3de4f5gh', 'Y'),
	('2024-07-04 10:36:02.84645', 'G008', '4', 6, '2024-06-01 08:00:00', '2024-06-01 08:00:00', 'C3de4f5gh', 'C3de4f5gh', 'Y'),
	('2024-07-04 10:36:02.84645', 'G008', '5', 1, '2024-06-01 08:00:00', '2024-06-01 08:00:00', 'C3de4f5gh', 'C3de4f5gh', 'Y'),
	('2024-07-04 10:36:09.82653', 'G010', '3', 2, '2024-07-01 12:00:00', '2024-07-01 12:00:00', 'C3de4f5gh', 'C3de4f5gh', 'Y');

-- 테이블 topaz.approval_doc 구조 내보내기
CREATE TABLE IF NOT EXISTS `approval_doc` (
  `approval_doc_no` varchar(50) NOT NULL,
  `template_no` varchar(50) NOT NULL COMMENT '공통 코드 S002(1:휴가, 2:기획, 3:경비)',
  `emp_no` varchar(50) NOT NULL,
  `approval_state` varchar(50) NOT NULL COMMENT '공통 코드 S001(1:취소, 2:반려, 3: 대기 4:진행, 5:승인)',
  `doc_title` varchar(100) NOT NULL,
  `doc_content` text NOT NULL,
  `start_date` datetime NOT NULL,
  `end_date` datetime NOT NULL,
  `reg_id` varchar(50) NOT NULL,
  `reg_time` datetime NOT NULL,
  `mod_id` varchar(50) NOT NULL,
  `mod_time` datetime NOT NULL,
  `use_yn` varchar(50) NOT NULL COMMENT '공통 코드 A002(Y:예, N:아니오)',
  PRIMARY KEY (`approval_doc_no`)
) ENGINE=InnoDB DEFAULT CHARSET=utf8 COLLATE=utf8_general_ci COMMENT='결재 문서 테이블';

-- 테이블 데이터 topaz.approval_doc:~15 rows (대략적) 내보내기
INSERT INTO `approval_doc` (`approval_doc_no`, `template_no`, `emp_no`, `approval_state`, `doc_title`, `doc_content`, `start_date`, `end_date`, `reg_id`, `reg_time`, `mod_id`, `mod_time`, `use_yn`) VALUES
	('2024-07-04 15:33:57.33073', '2024-07-04 15:25:08.80740', 'A1bc2d3ef', '1', '휴가계획서 결재의 건', '휴가계획서 결재 부탁드립니다.', '2024-06-28 10:00:00', '2024-06-28 11:00:00', 'A1bc2d3ef', '2024-06-28 10:00:00', 'A1bc2d3ef', '2024-06-28 11:00:00', 'Y'),
	('2024-07-04 15:34:04.75869', '2024-07-04 15:25:08.80740', 'B2cd3e4fg', '2', '휴가계획서 결재의 건', '휴가계획서 결재 부탁드립니다.', '2024-06-29 14:00:00', '2024-06-29 14:30:00', 'I9jk0l1mn', '2024-06-29 14:00:00', 'I9jk0l1mn', '2024-06-29 14:30:00', 'Y'),
	('2024-07-04 15:34:11.99569', '2024-07-04 15:25:08.80740', 'C1sa1sdf2', '3', '휴가계획서 결재의 건', '휴가계획서 결재 부탁드립니다.', '2024-07-01 13:00:00', '2024-07-01 13:00:00', 'C1sa1sdf2', '2024-07-01 13:00:00', 'C1sa1sdf2', '2024-07-01 13:00:00', 'Y'),
	('2024-07-04 15:34:19.21678', '2024-07-04 15:25:08.80740', 'D4ef5g6hi', '4', '휴가계획서 결재의 건', '휴가계획서 결재 부탁드립니다.', '2024-07-01 13:00:00', '2024-07-01 15:00:00', 'I9jk0l1mn', '2024-07-01 13:00:00', 'I9jk0l1mn', '2024-07-01 15:00:00', 'Y'),
	('2024-07-04 15:34:26.18919', '2024-07-04 15:25:08.80740', 'E2856cea8', '5', '휴가계획서 결재의 건', '휴가계획서 결재 부탁드립니다.', '2024-07-02 15:00:00', '2024-07-02 16:00:00', 'I9jk0l1mn', '2024-07-02 15:00:00', 'I9jk0l1mn', '2024-07-02 16:00:00', 'Y'),
	('2024-07-04 15:34:33.10081', '2024-07-04 15:25:17.91212', 'A1bc2d3ef', '1', '기획안 결재의 건', '기획안 결재 부탁드립니다.', '2024-07-02 17:00:00', '2024-07-02 17:10:00', 'A1bc2d3ef', '2024-07-02 17:00:00', 'A1bc2d3ef', '2024-07-02 17:10:00', 'Y'),
	('2024-07-04 15:34:40.77922', '2024-07-04 15:25:17.91212', 'B2cd3e4fg', '2', '기획안 결재의 건', '기획안 결재 부탁드립니다.', '2024-07-02 17:20:00', '2024-07-02 17:30:00', 'I9jk0l1mn', '2024-07-02 17:20:00', 'I9jk0l1mn', '2024-07-02 17:30:00', 'Y'),
	('2024-07-04 15:34:48.38213', '2024-07-04 15:25:17.91212', 'C1sa1sdf2', '3', '기획안 결재의 건', '기획안 결재 부탁드립니다.', '2024-07-02 17:30:00', '2024-07-02 17:30:00', 'C1sa1sdf2', '2024-07-02 17:30:00', 'C1sa1sdf2', '2024-07-02 17:30:00', 'Y'),
	('2024-07-04 15:34:56.83058', '2024-07-04 15:25:17.91212', 'D4ef5g6hi', '4', '기획안 결재의 건', '기획안 결재 부탁드립니다.', '2024-07-03 10:30:00', '2024-07-03 11:30:00', 'I9jk0l1mn', '2024-07-03 10:30:00', 'I9jk0l1mn', '2024-07-03 11:30:00', 'Y'),
	('2024-07-04 15:35:04.80787', '2024-07-04 15:25:17.91212', 'E2856cea8', '5', '기획안 결재의 건', '기획안 결재 부탁드립니다.', '2024-07-03 13:30:00', '2024-07-03 17:30:00', 'D4ef5g6hi', '2024-07-03 13:30:00', 'I9jk0l1mn', '2024-07-03 17:30:00', 'Y'),
	('2024-07-04 15:35:11.71949', '2024-07-04 15:25:26.92549', 'A1bc2d3ef', '1', '경비 결재의 건', '경비 결재 부탁드립니다.', '2024-07-03 18:00:00', '2024-07-03 18:05:00', 'A1bc2d3ef', '2024-07-03 18:00:00', 'A1bc2d3ef', '2024-07-03 18:05:00', 'Y'),
	('2024-07-04 15:35:18.81921', '2024-07-04 15:25:26.92549', 'B2cd3e4fg', '2', '경비 결재의 건', '경비 결재 부탁드립니다.', '2024-07-03 18:10:00', '2024-07-03 18:15:00', 'I9jk0l1mn', '2024-07-03 18:10:00', 'I9jk0l1mn', '2024-07-03 18:15:00', 'Y'),
	('2024-07-04 15:35:26.79168', '2024-07-04 15:25:26.92549', 'C1sa1sdf2', '3', '경비 결재의 건', '경비 결재 부탁드립니다.', '2024-07-03 18:30:00', '2024-07-03 18:30:00', 'C1sa1sdf2', '2024-07-03 18:30:00', 'C1sa1sdf2', '2024-07-03 18:30:00', 'Y'),
	('2024-07-04 15:35:34.84715', '2024-07-04 15:25:26.92549', 'D4ef5g6hi', '4', '경비 결재의 건', '경비 결재 부탁드립니다.', '2024-07-03 19:00:00', '2024-07-04 10:00:00', 'D4ef5g6hi', '2024-07-03 19:00:00', 'I9jk0l1mn', '2024-07-04 10:00:00', 'Y'),
	('2024-07-04 15:35:43.10617', '2024-07-04 15:25:26.92549', 'E2856cea8', '5', '경비 결재의 건', '경비 결재 부탁드립니다.', '2024-07-04 10:00:00', '2024-07-04 11:30:00', 'D4ef5g6hi', '2024-07-04 10:00:00', 'I9jk0l1mn', '2024-07-04 11:30:00', 'Y');

-- 테이블 topaz.approval_history 구조 내보내기
CREATE TABLE IF NOT EXISTS `approval_history` (
  `approval_doc_no` varchar(50) NOT NULL,
  `approval_level` int(11) NOT NULL,
  `approval_state` varchar(50) NOT NULL COMMENT '공통 코드 S001(1:취소, 2:반려, 3: 대기 4:진행, 5:승인)',
  `reg_id` varchar(50) NOT NULL,
  `reg_time` datetime NOT NULL,
  `mod_id` varchar(50) NOT NULL,
  `mod_time` datetime NOT NULL,
  `use_yn` varchar(50) NOT NULL COMMENT '공통 코드 A002(Y:예, N:아니오)'
) ENGINE=InnoDB DEFAULT CHARSET=utf8 COLLATE=utf8_general_ci COMMENT='결재 이력 테이블';

-- 테이블 데이터 topaz.approval_history:~15 rows (대략적) 내보내기
INSERT INTO `approval_history` (`approval_doc_no`, `approval_level`, `approval_state`, `reg_id`, `reg_time`, `mod_id`, `mod_time`, `use_yn`) VALUES
	('2024-07-04 15:33:57.33073', 2, '1', 'A1bc2d3ef', '2024-06-28 11:00:00', 'A1bc2d3ef', '2024-07-04 15:49:55', 'Y'),
	('2024-07-04 15:34:04.75869', 2, '2', 'I9jk0l1mn', '2024-06-29 14:30:00', 'I9jk0l1mn', '2024-07-04 15:49:56', 'Y'),
	('2024-07-04 15:34:11.99569', 2, '3', 'C1sa1sdf2', '2024-07-01 13:00:00', 'C1sa1sdf2', '2024-07-04 15:49:57', 'Y'),
	('2024-07-04 15:34:19.21678', 2, '4', 'I9jk0l1mn', '2024-07-01 15:00:00', 'I9jk0l1mn', '2024-07-04 15:49:57', 'Y'),
	('2024-07-04 15:34:26.18919', 2, '5', 'I9jk0l1mn', '2024-07-02 16:00:00', 'I9jk0l1mn', '2024-07-04 15:49:57', 'Y'),
	('2024-07-04 15:34:33.10081', 2, '1', 'A1bc2d3ef', '2024-07-02 17:10:00', 'A1bc2d3ef', '2024-07-04 15:49:58', 'Y'),
	('2024-07-04 15:34:40.77922', 2, '2', 'I9jk0l1mn', '2024-07-02 17:30:00', 'I9jk0l1mn', '2024-07-04 15:49:58', 'Y'),
	('2024-07-04 15:34:48.38213', 2, '3', 'C1sa1sdf2', '2024-07-02 17:30:00', 'C1sa1sdf2', '2024-07-04 15:49:59', 'Y'),
	('2024-07-04 15:34:56.83058', 2, '4', 'I9jk0l1mn', '2024-07-03 11:30:00', 'I9jk0l1mn', '2024-07-04 15:49:59', 'Y'),
	('2024-07-04 15:35:04.80787', 2, '5', 'D4ef5g6hi', '2024-07-03 17:30:00', 'D4ef5g6hi', '2024-07-04 15:50:00', 'Y'),
	('2024-07-04 15:35:11.71949', 2, '1', 'A1bc2d3ef', '2024-07-03 18:05:00', 'A1bc2d3ef', '2024-07-04 15:50:00', 'Y'),
	('2024-07-04 15:35:18.81921', 2, '3', 'B2cd3e4fg', '2024-07-03 18:10:00', 'B2cd3e4fg', '2024-07-04 15:50:00', 'Y'),
	('2024-07-04 15:35:26.79168', 2, '3', 'C1sa1sdf2', '2024-07-03 18:30:00', 'C1sa1sdf2', '2024-07-04 15:50:01', 'Y'),
	('2024-07-04 15:35:34.84715', 2, '4', 'D4ef5g6hi', '2024-07-04 10:00:00', 'D4ef5g6hi', '2024-07-04 15:50:01', 'Y'),
	('2024-07-04 15:35:43.10617', 2, '5', 'D4ef5g6hi', '2024-07-04 11:30:00', 'D4ef5g6hi', '2024-07-04 15:50:02', 'Y');

-- 테이블 topaz.approval_sign 구조 내보내기
CREATE TABLE IF NOT EXISTS `approval_sign` (
  `sign_no` varchar(50) NOT NULL,
  `emp_no` varchar(50) NOT NULL,
  `reg_id` varchar(50) NOT NULL,
  `reg_date` datetime NOT NULL,
  `mod_date` datetime NOT NULL,
  `mod_id` varchar(50) NOT NULL,
  `use_yn` varchar(50) NOT NULL COMMENT '공통 코드 A002(Y:예, N:아니오)',
  PRIMARY KEY (`sign_no`)
) ENGINE=InnoDB DEFAULT CHARSET=utf8 COLLATE=utf8_general_ci COMMENT='결재 서명 테이블';

-- 테이블 데이터 topaz.approval_sign:~10 rows (대략적) 내보내기
INSERT INTO `approval_sign` (`sign_no`, `emp_no`, `reg_id`, `reg_date`, `mod_date`, `mod_id`, `use_yn`) VALUES
	('2024-07-04 15:31:44.87191', 'A1bc2d3ef', 'A1bc2d3ef', '2023-01-01 10:00:00', '2023-01-01 10:00:00', 'A1bc2d3ef', 'Y'),
	('2024-07-04 15:31:52.07203', 'B2cd3e4fg', 'B2cd3e4fg', '2023-02-01 11:00:00', '2023-02-01 11:00:00', 'B2cd3e4fg', 'Y'),
	('2024-07-04 15:32:00.23562', 'C1sa1sdf2', 'C1sa1sdf2', '2023-03-01 12:00:00', '2023-03-01 12:00:00', 'C1sa1sdf2', 'Y'),
	('2024-07-04 15:32:06.57534', 'D4ef5g6hi', 'D4ef5g6hi', '2023-04-01 13:00:00', '2023-04-01 13:00:00', 'D4ef5g6hi', 'Y'),
	('2024-07-04 15:32:13.48991', 'E2856cea8', 'E2856cea8', '2023-05-01 14:00:00', '2023-05-01 14:00:00', 'E2856cea8', 'Y'),
	('2024-07-04 15:32:20.86727', 'F6gh7i8jk', 'F6gh7i8jk', '2023-01-01 10:00:00', '2023-01-01 10:00:00', 'F6gh7i8jk', 'Y'),
	('2024-07-04 15:32:27.71904', 'G7hi8j9kl', 'G7hi8j9kl', '2023-02-01 11:00:00', '2023-02-01 11:00:00', 'G7hi8j9kl', 'Y'),
	('2024-07-04 15:32:35.25127', 'H8ij9k0lm', 'H8ij9k0lm', '2023-03-01 12:00:00', '2023-03-01 12:00:00', 'H8ij9k0lm', 'Y'),
	('2024-07-04 15:32:43.28465', 'J0kl1m2no', 'J0kl1m2no', '2023-04-01 13:00:00', '2023-04-01 13:00:00', 'J0kl1m2no', 'Y'),
	('2024-07-04 15:32:51.54279', 'Wsd1fsdf3', 'Wsd1fsdf3', '2023-05-01 14:00:00', '2023-05-01 14:00:00', 'Wsd1fsdf3', 'Y');

-- 테이블 topaz.approval_template 구조 내보내기
CREATE TABLE IF NOT EXISTS `approval_template` (
  `template_no` varchar(50) NOT NULL,
  `reg_id` varchar(50) NOT NULL,
  `reg_time` datetime NOT NULL,
  `mod_id` varchar(50) NOT NULL,
  `mod_time` datetime NOT NULL,
  `use_yn` varchar(50) NOT NULL COMMENT '공통 코드 A002(Y:예, N:아니오)',
  PRIMARY KEY (`template_no`)
) ENGINE=InnoDB DEFAULT CHARSET=utf8 COLLATE=utf8_general_ci COMMENT='결재 서식 테이블';

-- 테이블 데이터 topaz.approval_template:~3 rows (대략적) 내보내기
INSERT INTO `approval_template` (`template_no`, `reg_id`, `reg_time`, `mod_id`, `mod_time`, `use_yn`) VALUES
	('2024-07-04 15:25:08.80740', 'I9jk0l1mn', '2023-01-01 10:00:00', 'I9jk0l1mn', '2023-01-01 10:00:00', 'Y'),
	('2024-07-04 15:25:17.91212', 'I9jk0l1mn', '2023-02-01 11:00:00', 'I9jk0l1mn', '2023-02-01 11:00:00', 'Y'),
	('2024-07-04 15:25:26.92549', 'I9jk0l1mn', '2023-03-01 12:00:00', 'I9jk0l1mn', '2023-03-01 12:00:00', 'Y');

-- 테이블 topaz.cleaning 구조 내보내기
CREATE TABLE IF NOT EXISTS `cleaning` (
  `cleaning_no` varchar(50) NOT NULL,
  `room_no` varchar(50) NOT NULL,
  `room_status` varchar(50) NOT NULL COMMENT '공통코드 C002(D:Dirty, C:Clean)	',
  `cleaning_schedule` datetime NOT NULL,
  `reg_time` datetime NOT NULL,
  `mod_time` datetime NOT NULL,
  `reg_id` varchar(50) NOT NULL,
  `mod_id` varchar(50) NOT NULL,
  `use_yn` varchar(50) NOT NULL COMMENT '공통코드 A002(Y:예, N:아니오)	',
  PRIMARY KEY (`cleaning_no`)
) ENGINE=InnoDB DEFAULT CHARSET=utf8mb4 COLLATE=utf8mb4_general_ci COMMENT='객실 청소에 관한 정보									 ';

-- 테이블 데이터 topaz.cleaning:~40 rows (대략적) 내보내기
INSERT INTO `cleaning` (`cleaning_no`, `room_no`, `room_status`, `cleaning_schedule`, `reg_time`, `mod_time`, `reg_id`, `mod_id`, `use_yn`) VALUES
	('CL001', 'RD101', 'D', '2024-07-03 08:00:00', '2024-01-01 12:00:00', '2024-07-03 08:00:00', 'C3de4f5gh', 'C3de4f5gh', 'Y'),
	('CL002', 'RS103', 'C', '2024-07-02 08:00:00', '2024-04-01 12:30:00', '2024-07-02 08:00:00', 'C3de4f5gh', 'C3de4f5gh', 'Y'),
	('CL003', 'RS105', 'D', '2024-07-03 08:00:00', '2024-05-01 13:00:00', '2024-07-03 08:00:00', 'C3de4f5gh', 'C3de4f5gh', 'Y'),
	('CL004', 'RD201', 'C', '2024-07-02 08:00:00', '2024-11-01 13:30:00', '2024-07-02 08:00:00', 'C3de4f5gh', 'C3de4f5gh', 'Y'),
	('CL005', 'RS203', 'D', '2024-07-03 08:00:00', '2024-06-01 14:00:00', '2024-07-03 08:00:00', 'C3de4f5gh', 'C3de4f5gh', 'Y'),
	('CL006', 'RS205', 'C', '2024-07-02 08:00:00', '2024-09-03 16:05:42', '2024-07-02 08:00:00', 'C3de4f5gh', 'C3de4f5gh', 'Y'),
	('CL007', 'RD102', 'C', '2023-12-01 14:00:00', '2023-12-01 12:00:00', '2023-12-01 12:00:00', 'C3de4f5gh', 'C3de4f5gh', 'Y'),
	('CL008', 'RS104', 'C', '2023-12-02 08:00:00', '2023-12-01 12:30:00', '2023-12-01 12:30:00', 'C3de4f5gh', 'C3de4f5gh', 'Y'),
	('CL009', 'RD202', 'D', '2023-12-03 10:00:00', '2023-12-01 13:00:00', '2023-12-01 13:00:00', 'C3de4f5gh', 'C3de4f5gh', 'Y'),
	('CL010', 'RS204', 'C', '2023-12-04 09:00:00', '2023-12-01 13:30:00', '2023-12-01 13:30:00', 'C3de4f5gh', 'C3de4f5gh', 'Y'),
	('CL011', 'RD302', 'D', '2023-12-05 11:00:00', '2023-12-01 14:00:00', '2023-12-01 14:00:00', 'C3de4f5gh', 'C3de4f5gh', 'Y'),
	('CL012', 'RS304', 'D', '2023-12-05 11:00:00', '2023-12-05 11:00:00', '2023-12-05 11:00:00', 'C3de4f5gh', 'C3de4f5gh', 'Y'),
	('CL013', 'RD402', 'C', '2023-12-02 08:00:00', '2023-12-01 12:30:00', '2023-12-01 12:30:00', 'C3de4f5gh', 'C3de4f5gh', 'Y'),
	('CL014', 'RS404', 'D', '2023-12-03 10:00:00', '2023-12-01 13:00:00', '2023-12-01 13:00:00', 'C3de4f5gh', 'C3de4f5gh', 'Y'),
	('CL015', 'RS303', 'D', '2024-07-05 08:00:00', '2024-07-03 08:00:00', '2024-07-04 08:00:00', 'C3de4f5gh', 'C3de4f5gh', 'Y'),
	('CL016', 'RS405', 'C', '2024-07-05 08:00:00', '2024-06-03 13:00:00', '2024-07-04 08:00:00', 'C3de4f5gh', 'C3de4f5gh', 'Y'),
	('CL017', 'RD301', 'D', '2024-01-01 11:00:00', '2024-01-01 11:00:00', '2024-07-04 08:00:00', 'C3de4f5gh', 'C3de4f5gh', 'Y'),
	('CL018', 'RS305', 'C', '2024-01-01 11:00:00', '2024-01-01 11:00:00', '2024-07-04 08:00:00', 'C3de4f5gh', 'C3de4f5gh', 'Y'),
	('CL019', 'RD401', 'C', '2024-01-01 11:00:00', '2024-01-01 11:00:00', '2024-07-04 08:00:00', 'C3de4f5gh', 'C3de4f5gh', 'Y'),
	('CL020', 'RS403', 'D', '2024-01-01 11:00:00', '2024-01-01 11:00:00', '2024-07-04 08:00:00', 'C3de4f5gh', 'C3de4f5gh', 'Y'),
	('CL021', 'RD103', 'D', '2023-12-05 11:00:00', '2023-12-01 14:00:00', '2023-12-01 14:00:00', 'C3de4f5gh', 'C3de4f5gh', 'Y'),
	('CL022', 'RD104', 'C', '2023-12-01 14:00:00', '2023-12-01 12:00:00', '2023-12-01 12:00:00', 'C3de4f5gh', 'C3de4f5gh', 'Y'),
	('CL023', 'RD105', 'C', '2023-12-02 08:00:00', '2023-12-01 12:30:00', '2023-12-01 12:30:00', 'C3de4f5gh', 'C3de4f5gh', 'Y'),
	('CL024', 'RD203', 'D', '2023-12-03 10:00:00', '2023-12-01 13:00:00', '2023-12-01 13:00:00', 'C3de4f5gh', 'C3de4f5gh', 'Y'),
	('CL025', 'RD204', 'C', '2023-12-04 09:00:00', '2023-12-01 13:30:00', '2023-12-01 13:30:00', 'C3de4f5gh', 'C3de4f5gh', 'Y'),
	('CL026', 'RD205', 'D', '2023-12-05 11:00:00', '2023-12-01 14:00:00', '2023-12-01 14:00:00', 'C3de4f5gh', 'C3de4f5gh', 'Y'),
	('CL027', 'RD303', 'D', '2023-12-01 14:00:00', '2023-12-01 12:00:00', '2023-12-01 12:00:00', 'C3de4f5gh', 'C3de4f5gh', 'Y'),
	('CL028', 'RD304', 'C', '2023-12-02 08:00:00', '2023-12-01 12:30:00', '2023-12-01 12:30:00', 'C3de4f5gh', 'C3de4f5gh', 'Y'),
	('CL029', 'RD305', 'D', '2023-12-03 10:00:00', '2023-12-01 13:00:00', '2023-12-01 13:00:00', 'C3de4f5gh', 'C3de4f5gh', 'Y'),
	('CL030', 'RD403', 'C', '2023-12-04 09:00:00', '2023-12-01 13:30:00', '2023-12-01 13:30:00', 'C3de4f5gh', 'C3de4f5gh', 'Y'),
	('CL031', 'RD404', 'D', '2023-12-05 11:00:00', '2023-12-01 14:00:00', '2023-12-01 14:00:00', 'C3de4f5gh', 'C3de4f5gh', 'Y'),
	('CL032', 'RD405', 'C', '2023-12-02 08:00:00', '2023-12-01 12:30:00', '2023-12-01 12:30:00', 'C3de4f5gh', 'C3de4f5gh', 'Y'),
	('CL033', 'RS101', 'D', '2023-12-05 11:00:00', '2023-12-01 14:00:00', '2023-12-01 14:00:00', 'C3de4f5gh', 'C3de4f5gh', 'Y'),
	('CL034', 'RS102', 'C', '2023-12-01 14:00:00', '2023-12-01 12:00:00', '2023-12-01 12:00:00', 'C3de4f5gh', 'C3de4f5gh', 'Y'),
	('CL035', 'RS201', 'C', '2023-12-02 08:00:00', '2023-12-01 12:30:00', '2023-12-01 12:30:00', 'C3de4f5gh', 'C3de4f5gh', 'Y'),
	('CL037', 'RS202', 'C', '2023-12-04 09:00:00', '2023-12-01 13:30:00', '2023-12-01 13:30:00', 'C3de4f5gh', 'C3de4f5gh', 'Y'),
	('CL038', 'RS301', 'D', '2023-12-05 11:00:00', '2023-12-01 14:00:00', '2023-12-01 14:00:00', 'C3de4f5gh', 'C3de4f5gh', 'Y'),
	('CL040', 'RS302', 'D', '2023-12-01 14:00:00', '2023-12-01 12:00:00', '2023-12-01 12:00:00', 'C3de4f5gh', 'C3de4f5gh', 'Y'),
	('CL041', 'RS401', 'C', '2023-12-02 08:00:00', '2023-12-01 12:30:00', '2023-12-01 12:30:00', 'C3de4f5gh', 'C3de4f5gh', 'Y'),
	('CL042', 'RS402', 'D', '2023-12-03 10:00:00', '2023-12-01 13:00:00', '2023-12-01 13:00:00', 'C3de4f5gh', 'C3de4f5gh', 'Y');

-- 테이블 topaz.common_code 구조 내보내기
CREATE TABLE IF NOT EXISTS `common_code` (
  `crp_cd` varchar(50) NOT NULL COMMENT '그룹코드',
  `cd` varchar(50) NOT NULL COMMENT '코드',
  `cd_nm` varchar(50) NOT NULL COMMENT '코드명',
  `cd_val1` varchar(50) DEFAULT NULL COMMENT '코드값',
  `cd_val2` varchar(50) DEFAULT NULL COMMENT '코드값',
  `reg_time` datetime NOT NULL,
  `mod_time` datetime NOT NULL,
  `reg_id` varchar(50) NOT NULL,
  `mod_id` varchar(50) NOT NULL,
  `use_yn` varchar(50) NOT NULL
) ENGINE=InnoDB DEFAULT CHARSET=utf8 COLLATE=utf8_general_ci COMMENT='공통코드 테이블';

-- 테이블 데이터 topaz.common_code:~65 rows (대략적) 내보내기
INSERT INTO `common_code` (`crp_cd`, `cd`, `cd_nm`, `cd_val1`, `cd_val2`, `reg_time`, `mod_time`, `reg_id`, `mod_id`, `use_yn`) VALUES
	('A001', 'M', '남자', NULL, NULL, '2024-07-03 12:34:05', '2024-07-03 12:34:05', 'admin', 'admin', 'Y'),
	('A001', 'F', '여자', NULL, NULL, '2024-07-03 12:34:05', '2024-07-03 12:34:05', 'admin', 'admin', 'Y'),
	('A002', 'Y', '예', NULL, NULL, '2024-07-03 12:34:05', '2024-07-03 12:34:05', 'admin', 'admin', 'Y'),
	('A002', 'N', '아니오', NULL, NULL, '2024-07-03 12:34:05', '2024-07-03 12:34:05', 'admin', 'admin', 'Y'),
	('A003', 'C', '고객', NULL, NULL, '2024-07-03 12:34:05', '2024-07-03 12:34:05', 'admin', 'admin', 'Y'),
	('A003', 'E', '직원', NULL, NULL, '2024-07-03 12:34:05', '2024-07-03 12:34:05', 'admin', 'admin', 'Y'),
	('A003', 'O', '외주업체', NULL, NULL, '2024-07-03 12:34:05', '2024-07-03 12:34:05', 'admin', 'admin', 'Y'),
	('A003', 'R', '입주자', NULL, NULL, '2024-07-03 12:34:05', '2024-07-03 12:34:05', 'admin', 'admin', 'Y'),
	('E001', 'E', '인사부', NULL, NULL, '2024-07-03 12:34:05', '2024-07-03 12:34:05', 'admin', 'admin', 'Y'),
	('E001', 'M', '마케팅부', NULL, NULL, '2024-07-03 12:34:05', '2024-07-03 12:34:05', 'admin', 'admin', 'Y'),
	('E001', 'W', '행정부', NULL, NULL, '2024-07-03 12:34:05', '2024-07-03 12:34:05', 'admin', 'admin', 'Y'),
	('E001', 'C', '고객관리부', NULL, NULL, '2024-07-03 12:34:05', '2024-07-03 12:34:05', 'admin', 'admin', 'Y'),
	('E002', '1', '사원', NULL, NULL, '2024-07-03 12:34:05', '2024-07-03 12:34:05', 'admin', 'admin', 'Y'),
	('E002', '2', '대리', NULL, NULL, '2024-07-03 12:34:05', '2024-07-03 12:34:05', 'admin', 'admin', 'Y'),
	('E002', '3', '팀장', NULL, NULL, '2024-07-03 12:34:05', '2024-07-03 12:34:05', 'admin', 'admin', 'Y'),
	('E002', '4', '부장', NULL, NULL, '2024-07-03 12:34:05', '2024-07-03 12:34:05', 'admin', 'admin', 'Y'),
	('E003', 'Y', '연차', NULL, NULL, '2024-07-03 12:34:05', '2024-07-03 12:34:05', 'admin', 'admin', 'Y'),
	('E003', 'M', '월차', NULL, NULL, '2024-07-03 12:34:05', '2024-07-03 12:34:05', 'admin', 'admin', 'Y'),
	('E003', 'H', '반차', NULL, NULL, '2024-07-03 12:34:05', '2024-07-03 12:34:05', 'admin', 'admin', 'Y'),
	('E004', 'E', '10', NULL, NULL, '2024-07-03 12:34:05', '2024-07-03 12:34:05', 'admin', 'admin', 'Y'),
	('E004', 'A', '12', NULL, NULL, '2024-07-03 12:34:05', '2024-07-03 12:34:05', 'admin', 'admin', 'Y'),
	('E004', 'M', '15', NULL, NULL, '2024-07-03 12:34:05', '2024-07-03 12:34:05', 'admin', 'admin', 'Y'),
	('E004', 'H', '18', NULL, NULL, '2024-07-03 12:34:05', '2024-07-03 12:34:05', 'admin', 'admin', 'Y'),
	('W001', '1', '영업중', NULL, NULL, '2024-07-03 12:34:05', '2024-07-03 12:34:05', 'admin', 'admin', 'Y'),
	('W001', '2', '영업종료', NULL, NULL, '2024-07-03 12:34:05', '2024-07-03 12:34:05', 'admin', 'admin', 'Y'),
	('W001', '3', '상시', NULL, NULL, '2024-07-03 12:34:05', '2024-07-03 12:34:05', 'admin', 'admin', 'Y'),
	('W002', '1', '상시', NULL, NULL, '2024-07-03 12:34:05', '2024-07-03 12:34:05', 'admin', 'admin', 'Y'),
	('W002', '2', '예약', NULL, NULL, '2024-07-03 12:34:05', '2024-07-03 12:34:05', 'admin', 'admin', 'Y'),
	('M001', '1', '회의일정', NULL, NULL, '2024-07-03 12:34:05', '2024-07-03 12:34:05', 'admin', 'admin', 'Y'),
	('M001', '2', '행사', NULL, NULL, '2024-07-03 12:34:05', '2024-07-03 12:34:05', 'admin', 'admin', 'Y'),
	('M001', '3', '점검', NULL, NULL, '2024-07-03 12:34:05', '2024-07-03 12:34:05', 'admin', 'admin', 'Y'),
	('C001', '1', '샴푸', NULL, NULL, '2024-07-03 12:34:05', '2024-07-03 12:34:05', 'admin', 'admin', 'Y'),
	('C001', '2', '린스', NULL, NULL, '2024-07-03 12:34:05', '2024-07-03 12:34:05', 'admin', 'admin', 'Y'),
	('C001', '3', '바디워시', NULL, NULL, '2024-07-03 12:34:05', '2024-07-03 12:34:05', 'admin', 'admin', 'Y'),
	('C001', '4', '수건', NULL, NULL, '2024-07-03 12:34:05', '2024-07-03 12:34:05', 'admin', 'admin', 'Y'),
	('C001', '5', '휴지', NULL, NULL, '2024-07-03 12:34:05', '2024-07-03 12:34:05', 'admin', 'admin', 'Y'),
	('C002', 'D', 'DIRTY', '24:00:00', NULL, '2024-07-03 12:34:05', '2024-07-03 12:34:05', 'admin', 'admin', 'Y'),
	('C002', 'C', 'CLEAN', NULL, NULL, '2024-07-03 12:34:05', '2024-07-03 12:34:05', 'admin', 'admin', 'Y'),
	('C003', '1', 'ON', NULL, NULL, '2024-07-03 12:34:05', '2024-07-03 12:34:05', 'admin', 'admin', 'Y'),
	('C003', '2', 'OFF', NULL, NULL, '2024-07-03 12:34:05', '2024-07-03 12:34:05', 'admin', 'admin', 'Y'),
	('W003', '1', '대기', NULL, NULL, '2024-07-03 12:34:05', '2024-07-03 12:34:05', 'admin', 'admin', 'Y'),
	('W003', '2', '수락', NULL, NULL, '2024-07-03 12:34:05', '2024-07-03 12:34:05', 'admin', 'admin', 'Y'),
	('W003', '3', '거절', NULL, NULL, '2024-07-03 12:34:05', '2024-07-03 12:34:05', 'admin', 'admin', 'Y'),
	('W003', '4', '취소', NULL, NULL, '2024-07-03 12:34:05', '2024-07-03 12:34:05', 'admin', 'admin', 'Y'),
	('W004', '1', '직원', NULL, NULL, '2024-07-03 12:34:05', '2024-07-03 12:34:05', 'admin', 'admin', 'Y'),
	('W004', '2', '외주업체', NULL, NULL, '2024-07-03 12:34:05', '2024-07-03 12:34:05', 'admin', 'admin', 'Y'),
	('W005', '1', '필독', NULL, NULL, '2024-07-03 12:34:05', '2024-07-03 12:34:05', 'admin', 'admin', 'Y'),
	('W005', '2', '일반', NULL, NULL, '2024-07-03 12:34:05', '2024-07-03 12:34:05', 'admin', 'admin', 'Y'),
	('W005', '3', '이벤트', NULL, NULL, '2024-07-03 12:34:05', '2024-07-03 12:34:05', 'admin', 'admin', 'Y'),
	('S001', '1', '취소', NULL, NULL, '2024-07-03 12:34:05', '2024-07-03 12:34:05', 'admin', 'admin', 'Y'),
	('S001', '2', '반려', NULL, NULL, '2024-07-03 12:34:05', '2024-07-03 12:34:05', 'admin', 'admin', 'Y'),
	('S001', '3', '대기', NULL, NULL, '2024-07-03 12:34:05', '2024-07-03 12:34:05', 'admin', 'admin', 'Y'),
	('S001', '4', '진행', NULL, NULL, '2024-07-03 12:34:05', '2024-07-03 12:34:05', 'admin', 'admin', 'Y'),
	('S001', '5', '승인', NULL, NULL, '2024-07-03 12:34:05', '2024-07-03 12:34:05', 'admin', 'admin', 'Y'),
	('S002', '1', '휴가', NULL, NULL, '2024-07-03 12:34:05', '2024-07-03 12:34:05', 'admin', 'admin', 'Y'),
	('S002', '2', '기획', NULL, NULL, '2024-07-03 12:34:05', '2024-07-03 12:34:05', 'admin', 'admin', 'Y'),
	('S002', '3', '경비', NULL, NULL, '2024-07-03 12:34:05', '2024-07-03 12:34:05', 'admin', 'admin', 'Y'),
	('M002', '1', '공지', NULL, NULL, '2024-07-03 12:34:05', '2024-07-03 12:34:05', 'admin', 'admin', 'Y'),
	('M002', '2', '일반', NULL, NULL, '2024-07-03 12:34:05', '2024-07-03 12:34:05', 'admin', 'admin', 'Y'),
	('M002', '3', '행사', NULL, NULL, '2024-07-03 12:34:05', '2024-07-03 12:34:05', 'admin', 'admin', 'Y'),
	('W006', '1', '대기', NULL, NULL, '2024-07-03 12:34:05', '2024-07-03 12:34:05', 'admin', 'admin', 'Y'),
	('W006', '2', '확정', NULL, NULL, '2024-07-03 12:34:05', '2024-07-03 12:34:05', 'admin', 'admin', 'Y'),
	('W006', '3', '취소', NULL, NULL, '2024-07-03 12:34:05', '2024-07-03 12:34:05', 'admin', 'admin', 'Y'),
	('C004', 'A', 'A타입', NULL, NULL, '2024-07-03 14:22:07', '2024-07-03 14:22:08', 'admin', 'admin', 'Y'),
	('C004', 'B', 'B타입', NULL, NULL, '2024-07-03 14:22:36', '2024-07-03 14:22:37', 'admin', 'admin', 'Y');

-- 테이블 topaz.commute_history 구조 내보내기
CREATE TABLE IF NOT EXISTS `commute_history` (
  `commute_no` varchar(50) NOT NULL,
  `emp_no` varchar(50) NOT NULL,
  `start_time` datetime NOT NULL,
  `end_time` datetime NOT NULL,
  `reg_time` datetime NOT NULL,
  `mod_time` datetime NOT NULL,
  `reg_id` varchar(50) NOT NULL,
  `mod_id` varchar(50) NOT NULL,
  `use_yn` varchar(50) NOT NULL COMMENT '공통코드 A002(Y:예, N:아니오)',
  PRIMARY KEY (`commute_no`)
) ENGINE=InnoDB DEFAULT CHARSET=utf8 COLLATE=utf8_general_ci COMMENT='출퇴근 정보 테이블';

-- 테이블 데이터 topaz.commute_history:~15 rows (대략적) 내보내기
INSERT INTO `commute_history` (`commute_no`, `emp_no`, `start_time`, `end_time`, `reg_time`, `mod_time`, `reg_id`, `mod_id`, `use_yn`) VALUES
	('2024-07-03 22:03:30.85861', 'A1bc2d3ef', '2024-07-03 09:00:00', '2024-07-03 17:00:00', '2024-07-03 09:00:00', '2024-07-03 09:00:00', 'A1bc2d3ef', 'A1bc2d3ef', 'Y'),
	('2024-07-03 22:03:44.61088', 'B2cd3e4fg', '2024-07-03 09:00:00', '2024-07-03 17:00:00', '2024-07-03 09:00:00', '2024-07-03 09:00:00', 'B2cd3e4fg', 'B2cd3e4fg', 'Y'),
	('2024-07-03 22:03:53.42779', 'C1sa1sdf2', '2024-07-03 09:00:00', '2024-07-03 17:00:00', '2024-07-03 09:00:00', '2024-07-03 09:00:00', 'C1sa1sdf2', 'C1sa1sdf2', 'Y'),
	('2024-07-03 22:04:03.65600', 'C3de4f5gh', '2024-07-03 09:00:00', '2024-07-03 17:00:00', '2024-07-03 09:00:00', '2024-07-03 09:00:00', 'C3de4f5gh', 'C3de4f5gh', 'Y'),
	('2024-07-03 22:04:12.58724', 'D4ef5g6hi', '2024-07-03 09:00:00', '2024-07-03 17:00:00', '2024-07-03 09:00:00', '2024-07-03 09:00:00', 'D4ef5g6hi', 'D4ef5g6hi', 'Y'),
	('2024-07-03 22:04:21.34961', 'E2856cea8', '2024-07-03 09:00:00', '2024-07-03 17:00:00', '2024-07-03 09:00:00', '2024-07-03 09:00:00', 'E2856cea8', 'E2856cea8', 'Y'),
	('2024-07-03 22:04:31.47544', 'E5fg6h7ij', '2024-07-03 09:00:00', '2024-07-03 17:00:00', '2024-07-03 09:00:00', '2024-07-03 09:00:00', 'E5fg6h7ij', 'E5fg6h7ij', 'Y'),
	('2024-07-03 22:04:43.96404', 'Es1a1s2f5', '2024-07-03 09:00:00', '2024-07-03 17:00:00', '2024-07-03 09:00:00', '2024-07-03 09:00:00', 'Es1a1s2f5', 'Es1a1s2f5', 'Y'),
	('2024-07-03 22:04:52.62999', 'F6gh7i8jk', '2024-07-03 09:00:00', '2024-07-03 17:00:00', '2024-07-03 09:00:00', '2024-07-03 09:00:00', 'F6gh7i8jk', 'F6gh7i8jk', 'Y'),
	('2024-07-03 22:05:06.51577', 'G7hi8j9kl', '2024-07-03 09:00:00', '2024-07-03 17:00:00', '2024-07-03 09:00:00', '2024-07-03 09:00:00', 'G7hi8j9kl', 'G7hi8j9kl', 'Y'),
	('2024-07-03 22:05:14.17193', 'H8ij9k0lm', '2024-07-03 09:00:00', '2024-07-03 17:00:00', '2024-07-03 09:00:00', '2024-07-03 09:00:00', 'H8ij9k0lm', 'H8ij9k0lm', 'Y'),
	('2024-07-03 22:05:24.03347', 'I9jk0l1mn', '2024-07-03 09:00:00', '2024-07-03 17:00:00', '2024-07-03 09:00:00', '2024-07-03 09:00:00', 'I9jk0l1mn', 'I9jk0l1mn', 'Y'),
	('2024-07-03 22:05:32.38496', 'J0kl1m2no', '2024-07-03 09:00:00', '2024-07-03 17:00:00', '2024-07-03 09:00:00', '2024-07-03 09:00:00', 'J0kl1m2no', 'J0kl1m2no', 'Y'),
	('2024-07-03 22:05:47.80097', 'M12356ce8', '2024-07-03 09:00:00', '2024-07-03 17:00:00', '2024-07-03 09:00:00', '2024-07-03 09:00:00', 'M12356ce8', 'M12356ce8', 'Y'),
	('2024-07-03 22:05:56.84709', 'Wsd1fsdf3', '2024-07-03 09:00:00', '2024-07-03 17:00:00', '2024-07-03 09:00:00', '2024-07-03 09:00:00', 'Wsd1fsdf3', 'Wsd1fsdf3', 'Y');

-- 테이블 topaz.employee 구조 내보내기
CREATE TABLE IF NOT EXISTS `employee` (
  `emp_no` varchar(9) NOT NULL,
  `emp_pw` varchar(100) NOT NULL,
  `emp_name` varchar(50) NOT NULL,
  `emp_dept` varchar(50) NOT NULL COMMENT '공통코드 E001(E:인사부, M:마케팅부, W:행정부, C:고객관리부)',
  `emp_grade` varchar(50) NOT NULL COMMENT '공통코드 E002(1:사원, 2:대리, 3:팀장, 4:부장)',
  `emp_gender` varchar(50) NOT NULL COMMENT '공통코드 A001(M :남자, F:여자)',
  `emp_birth` datetime NOT NULL,
  `emp_phonenumber` varchar(50) NOT NULL,
  `post_no` varchar(50) NOT NULL,
  `address` varchar(50) NOT NULL,
  `emp_hiredate` datetime NOT NULL,
  `reg_time` datetime NOT NULL,
  `mod_time` datetime NOT NULL,
  `reg_id` varchar(50) NOT NULL,
  `mod_id` varchar(50) NOT NULL,
  `use_yn` varchar(50) NOT NULL COMMENT '공통코드 A002(Y:예, N:아니오)',
  PRIMARY KEY (`emp_no`)
) ENGINE=InnoDB DEFAULT CHARSET=utf8 COLLATE=utf8_general_ci COMMENT='직원 테이블';

-- 테이블 데이터 topaz.employee:~16 rows (대략적) 내보내기
INSERT INTO `employee` (`emp_no`, `emp_pw`, `emp_name`, `emp_dept`, `emp_grade`, `emp_gender`, `emp_birth`, `emp_phonenumber`, `post_no`, `address`, `emp_hiredate`, `reg_time`, `mod_time`, `reg_id`, `mod_id`, `use_yn`) VALUES
	('A1bc2d3ef', '03ac674216f3e15c761ee1a5e255f067953623c8b388b4459e13f978d7c846f4', '김철수', 'E', '2', 'M', '1990-01-01 00:00:00', '01011112222', '12345', '구디빌 101호', '2022-01-01 00:00:00', '2024-07-03 15:02:24', '2024-07-03 15:02:24', 'E2856cea5', 'E2856cea2', 'Y'),
	('admin', '03ac674216f3e15c761ee1a5e255f067953623c8b388b4459e13f978d7c846f4', '대표자', 'W', '4', 'M', '2023-07-04 10:17:11', '01012341234', '12322', '대표빌 101호', '2024-07-04 10:17:28', '2024-07-04 10:17:30', '2024-07-04 10:17:35', 'admin', 'admin', 'Y'),
	('B2cd3e4fg', '03ac674216f3e15c761ee1a5e255f067953623c8b388b4459e13f978d7c846f4', '홍길동', 'M', '1', 'M', '1991-02-10 00:00:00', '01012345678', '98765', '구디빌 202호', '2023-02-01 00:00:00', '2024-07-03 15:02:24', '2024-07-03 15:02:24', 'E2856cea6', 'E2856cea3', 'Y'),
	('C1sa1sdf2', '03ac674216f3e15c761ee1a5e255f067953623c8b388b4459e13f978d7c846f4', '최윤아', 'C', '4', 'F', '1988-04-04 00:00:00', '01044445555', '44556', '은혜빌 101호', '2020-04-01 00:00:00', '2024-07-03 14:58:36', '2024-07-03 14:58:36', 'E2856cea4', 'E2856cea1', 'Y'),
	('C3de4f5gh', '03ac674216f3e15c761ee1a5e255f067953623c8b388b4459e13f978d7c846f4', '박영희', 'W', '4', 'F', '1989-03-15 00:00:00', '01023456789', '45678', '서울빌 101호', '2021-03-15 00:00:00', '2024-07-03 15:02:24', '2024-07-03 15:02:24', 'E2856cea7', 'E2856cea4', 'Y'),
	('D4ef5g6hi', '03ac674216f3e15c761ee1a5e255f067953623c8b388b4459e13f978d7c846f4', '이영수', 'C', '2', 'M', '1987-04-20 00:00:00', '01034567890', '65432', '부천빌 101호', '2020-04-20 00:00:00', '2024-07-03 15:02:24', '2024-07-03 15:02:24', 'E2856cea8', 'E2856cea5', 'Y'),
	('E2856cea8', '03ac674216f3e15c761ee1a5e255f067953623c8b388b4459e13f978d7c846f4', '김인수', 'E', '1', 'M', '2024-02-03 00:00:00', '01012341234', '231421', '인수빌 202호', '2024-01-02 00:00:00', '2024-01-02 00:00:00', '2024-01-02 00:00:00', 'E2856cea4', 'E2856cea1', 'Y'),
	('E5fg6h7ij', '03ac674216f3e15c761ee1a5e255f067953623c8b388b4459e13f978d7c846f4', '김민정', 'E', '3', 'F', '1985-05-25 00:00:00', '01045678901', '87654', '인천빌 101호', '2021-05-25 00:00:00', '2024-07-03 15:02:24', '2024-07-03 15:02:24', 'E2856cea9', 'E2856cea6', 'Y'),
	('Es1a1s2f5', '03ac674216f3e15c761ee1a5e255f067953623c8b388b4459e13f978d7c846f4', '장준혁', 'E', '1', 'M', '1995-05-05 00:00:00', '01055556666', '77889', '혜아빌 101호', '2024-05-01 00:00:00', '2024-07-03 14:58:36', '2024-07-03 14:58:36', 'E2856cea4', 'E2856cea1', 'Y'),
	('F6gh7i8jk', '03ac674216f3e15c761ee1a5e255f067953623c8b388b4459e13f978d7c846f4', '최지훈', 'D', '4', 'M', '1984-06-30 00:00:00', '01056789012', '43210', '인천빌 102호', '2020-06-30 00:00:00', '2024-07-03 15:02:24', '2024-07-03 15:02:24', 'E2856ceaa', 'E2856cea7', 'Y'),
	('G7hi8j9kl', '03ac674216f3e15c761ee1a5e255f067953623c8b388b4459e13f978d7c846f4', '정하은', 'W', '1', 'F', '1993-07-05 00:00:00', '01067890123', '21098', '인천빌 103호', '2022-07-05 00:00:00', '2024-07-03 15:02:24', '2024-07-03 15:02:24', 'E2856ceab', 'E2856cea8', 'Y'),
	('H8ij9k0lm', '03ac674216f3e15c761ee1a5e255f067953623c8b388b4459e13f978d7c846f4', '한예진', 'C', '3', 'F', '1982-08-10 00:00:00', '01078901234', '34567', '인천빌 104호', '2021-08-10 00:00:00', '2024-07-03 15:02:24', '2024-07-03 15:02:24', 'E2856ceac', 'E2856cea9', 'Y'),
	('I9jk0l1mn', '03ac674216f3e15c761ee1a5e255f067953623c8b388b4459e13f978d7c846f4', '김재현', 'E', '4', 'M', '1983-09-15 00:00:00', '01089012345', '56789', '인천빌 105호', '2020-09-15 00:00:00', '2024-07-03 15:02:24', '2024-07-03 15:02:24', 'E2856cead', 'E2856ceaa', 'Y'),
	('J0kl1m2no', '03ac674216f3e15c761ee1a5e255f067953623c8b388b4459e13f978d7c846f4', '박수진', 'M', '3', 'F', '1994-10-20 00:00:00', '01090123456', '67890', '인천빌 106호', '2022-10-20 00:00:00', '2024-07-03 15:02:24', '2024-07-03 15:02:24', 'E2856ceae', 'E2856ceab', 'Y'),
	('M12356ce8', '03ac674216f3e15c761ee1a5e255f067953623c8b388b4459e13f978d7c846f4', '박지수', 'M', '2', 'F', '1992-02-02 00:00:00', '01022223333', '67890', '수지빌 201호', '2022-02-01 00:00:00', '2024-07-03 14:58:36', '2024-07-03 14:58:36', 'E2856cea4', 'E2856cea1', 'Y'),
	('Wsd1fsdf3', '03ac674216f3e15c761ee1a5e255f067953623c8b388b4459e13f978d7c846f4', '이민호', 'W', '3', 'M', '1985-03-03 00:00:00', '01033334444', '11223', '지훈빌 203호', '2021-03-01 00:00:00', '2024-07-03 14:58:36', '2024-07-03 14:58:36', 'E2856cea4', 'E2856cea1', 'Y');

-- 테이블 topaz.file_upload 구조 내보내기
CREATE TABLE IF NOT EXISTS `file_upload` (
  `file_no` varchar(50) NOT NULL,
  `reference_no` varchar(50) DEFAULT NULL COMMENT 'file을 업로드 하는 테이블의 pk',
  `original_file_name` varchar(100) NOT NULL,
  `file_name` varchar(50) NOT NULL,
  `file_size` varchar(50) NOT NULL,
  `file_type` varchar(50) NOT NULL,
  `reg_time` datetime NOT NULL,
  `mod_time` datetime NOT NULL,
  `reg_id` varchar(50) NOT NULL,
  `mod_id` varchar(50) NOT NULL,
  `use_yn` varchar(50) NOT NULL COMMENT '공통코드 A002(Y:예, N:아니오)',
  PRIMARY KEY (`file_no`)
) ENGINE=InnoDB DEFAULT CHARSET=utf8 COLLATE=utf8_general_ci COMMENT='파일 업로드 테이블';

-- 테이블 데이터 topaz.file_upload:~12 rows (대략적) 내보내기
INSERT INTO `file_upload` (`file_no`, `reference_no`, `original_file_name`, `file_name`, `file_size`, `file_type`, `reg_time`, `mod_time`, `reg_id`, `mod_id`, `use_yn`) VALUES
	('2024-07-04 11:26:43.75794', 'G7hi8j9kl', '정하은사진.jpg', '12sdfas12fasdfasr.jpg', '50', 'jpg', '2024-07-05 09:00:00', '2024-07-05 09:00:00', 'G7hi8j9kl', 'G7hi8j9kl', 'Y'),
	('2024-07-04 11:30:24.55557', 'G001', '박수지사진.jpg', 'asdqfqw1231asd.jpg', '50', 'jpg', '2024-07-05 09:00:00', '2024-07-05 09:00:00', 'A1bc2d3ef', 'A1bc2d3ef', 'Y'),
	('2024-07-04 15:09:05.15685', 'M12356ce8', '박지수사진.jpg', 'a11dfasdf12311.jpg', '50', 'jpg', '2024-07-05 09:00:00', '2024-07-05 09:00:00', 'M12356ce8', 'M12356ce8', 'Y'),
	('2024-07-04 15:15:10.38336', '2024-07-03 17:31:39.18042', '편의점사진.jpg', 'a11dfasdf12311.jpg', '50', 'jpg', '2024-07-05 09:00:00', '2024-07-05 09:00:00', 'G7hi8j9kl', 'G7hi8j9kl', 'N'),
	('2024-07-04 15:15:22.74472', '2024-07-03 17:31:39.18122', '미용실사진.jpg', 'qwe1dfasdf12311.jpg', '50', 'jpg', '2024-07-05 09:00:00', '2024-07-05 09:00:00', 'G7hi8j9kl', 'G7hi8j9kl', 'Y'),
	('2024-07-04 15:15:33.67414', '2024-07-03 17:31:39.28042', '마사지사진.jpg', 'vadq1fasdf12311.jpg', '50', 'jpg', '2024-07-05 09:00:00', '2024-07-05 09:00:00', 'G7hi8j9kl', 'G7hi8j9kl', 'Y'),
	('2024-07-04 15:15:41.06772', '2024-07-03 17:31:39.38042', '세탁사진.jpg', '1121asdf12311.jpg', '50', 'jpg', '2024-07-05 09:00:00', '2024-07-05 09:00:00', 'G7hi8j9kl', 'G7hi8j9kl', 'N'),
	('2024-07-04 15:23:50.27380', '2024-07-03 22:13:03.66757', '쪽지파일.hwp', 'a11dfa123311.jpg', '50', 'jpg', '2024-07-05 09:00:00', '2024-07-05 09:00:00', 'G7hi8j9kl', 'G7hi8j9kl', 'Y'),
	('2024-07-04 15:23:58.07686', '2024-07-03 22:13:11.39676', '쪽지파일.hwp', 'a11df12312311.jpg', '50', 'jpg', '2024-07-05 09:00:00', '2024-07-05 09:00:00', 'E2856cea8', 'E2856cea8', 'Y'),
	('2024-07-04 15:24:05.86682', '2024-07-03 22:13:19.40386', '쪽지파일.hwp', 'a11dfasd123311.jpg', '50', 'jpg', '2024-07-05 09:00:00', '2024-07-05 09:00:00', 'J0kl1m2no', 'J0kl1m2no', 'Y'),
	('2024-07-04 15:46:14.65095', 'NEWS001', '뉴스사진.jpg', 'a11dfasdf12311.jpg', '50', 'jpg', '2024-07-05 09:00:00', '2024-07-05 09:00:00', 'M12356ce8', 'M12356ce8', 'Y'),
	('2024-07-04 15:46:23.87955', 'NEWS008', '박지수사진.jpg', 'a11dfasdf12311.jpg', '50', 'jpg', '2024-07-05 09:00:00', '2024-07-05 09:00:00', 'M12356ce8', 'M12356ce8', 'Y');

-- 테이블 topaz.guest 구조 내보내기
CREATE TABLE IF NOT EXISTS `guest` (
  `gst_id` varchar(50) NOT NULL,
  `gst_pw` varchar(100) NOT NULL,
  `gst_name` varchar(50) NOT NULL,
  `gst_email` varchar(50) NOT NULL,
  `gst_gender` varchar(50) NOT NULL COMMENT '공통코드 A001(M:남자, F:여자)	',
  `gst_birth` date NOT NULL,
  `post_no` varchar(50) NOT NULL,
  `address` varchar(50) NOT NULL,
  `gst_phone` varchar(50) NOT NULL,
  `gst_type` varchar(50) NOT NULL COMMENT '공통코드  A003(C:고객, E:직원, O:외주업체, R:입주자)	',
  `contract_start` datetime DEFAULT NULL,
  `contract_end` datetime DEFAULT NULL,
  `room_no` varchar(50) DEFAULT NULL,
  `room_amenity` varchar(50) DEFAULT NULL COMMENT '공통코드 A002(Y:예, N:아니오)	',
  `resident_note` varchar(100) DEFAULT NULL,
  `protector_name` varchar(50) DEFAULT NULL,
  `protector_phone` varchar(50) DEFAULT NULL,
  `protector_relation` varchar(50) DEFAULT NULL,
  `reg_time` datetime NOT NULL,
  `mod_time` datetime NOT NULL,
  `reg_id` varchar(50) NOT NULL,
  `mod_id` varchar(50) NOT NULL,
  `use_yn` varchar(50) NOT NULL,
  PRIMARY KEY (`gst_id`)
) ENGINE=InnoDB DEFAULT CHARSET=utf8mb4 COLLATE=utf8mb4_general_ci COMMENT='사용자 정보											';

-- 테이블 데이터 topaz.guest:~26 rows (대략적) 내보내기
INSERT INTO `guest` (`gst_id`, `gst_pw`, `gst_name`, `gst_email`, `gst_gender`, `gst_birth`, `post_no`, `address`, `gst_phone`, `gst_type`, `contract_start`, `contract_end`, `room_no`, `room_amenity`, `resident_note`, `protector_name`, `protector_phone`, `protector_relation`, `reg_time`, `mod_time`, `reg_id`, `mod_id`, `use_yn`) VALUES
	('admin', '03ac674216f3e15c761ee1a5e255f067953623c8b388b4459e13f978d7c846f4', 'admin', 'admin@example.com', 'F', '2024-07-03', '12345', 'admin', '010-0000-0000', 'admin', NULL, NULL, NULL, NULL, NULL, NULL, NULL, NULL, '2024-07-03 15:02:48', '2024-07-03 15:02:49', 'C3de4f5gh', 'C3de4f5gh', 'Y'),
	('G001', '03ac674216f3e15c761ee1a5e255f067953623c8b388b4459e13f978d7c846f4', '박수지', 'alice@example.com', 'F', '2002-03-19', '12345', '123 Main St', '010-1234-5678', '입주자', '2024-01-01 12:00:00', '2025-01-01 12:00:00', 'RD101', 'Y', 'No note', '이수지', '010-8765-4321', '부', '2024-01-01 12:00:00', '2024-01-01 12:00:00', 'C3de4f5gh', 'C3de4f5gh', 'Y'),
	('G002', '03ac674216f3e15c761ee1a5e255f067953623c8b388b4459e13f978d7c846f4', '김인수', 'bob@example.com', 'M', '1996-09-02', '54321', '456 Elm St', '010-2345-6789', '고객', NULL, NULL, NULL, NULL, NULL, NULL, NULL, NULL, '2024-02-01 12:00:00', '2024-02-01 12:00:00', 'C3de4f5gh', 'C3de4f5gh', 'Y'),
	('G003', '03ac674216f3e15c761ee1a5e255f067953623c8b388b4459e13f978d7c846f4', '박혜아', 'charlie@example.com', 'F', '1994-05-26', '67890', '789 Pine St', '010-3456-7890', '고객', NULL, NULL, NULL, NULL, NULL, NULL, NULL, NULL, '2024-03-01 12:00:00', '2024-03-01 12:00:00', 'C3de4f5gh', 'C3de4f5gh', 'Y'),
	('G004', '03ac674216f3e15c761ee1a5e255f067953623c8b388b4459e13f978d7c846f4', '한은혜', 'diana@example.com', 'F', '1999-04-11', '98765', '1010 Cedar St', '010-4567-8901', '입주자', '2024-04-01 12:00:00', '2025-04-01 12:00:00', 'RS103', 'Y', 'No note', '박상철', '010-1098-7654', '매', '2024-04-01 12:00:00', '2024-04-01 12:00:00', 'C3de4f5gh', 'C3de4f5gh', 'Y'),
	('G005', '03ac674216f3e15c761ee1a5e255f067953623c8b388b4459e13f978d7c846f4', '김지훈', 'eve@example.com', 'M', '1999-04-06', '45678', '1111 Maple St', '010-5678-9012', '입주자', '2024-05-01 12:00:00', '2025-05-01 12:00:00', 'RS105', 'N', 'No note', '류호찬', '010-2109-8765', '모', '2024-05-01 12:00:00', '2024-05-01 12:00:00', 'C3de4f5gh', 'C3de4f5gh', 'Y'),
	('G006', '03ac674216f3e15c761ee1a5e255f067953623c8b388b4459e13f978d7c846f4', '김철수', 'chulsu@example.com', 'F', '1990-01-01', '12345', '인천시 남동구 구월동', '010-5566-7788', '입주자', '2024-03-01 12:00:00', '2025-03-01 12:00:00', 'RD201', 'Y', 'No note', '이동현', '010-8765-4321', '부', '2024-03-01 12:00:00', '2024-03-01 12:00:00', 'C3de4f5gh', 'C3de4f5gh', 'Y'),
	('G007', '03ac674216f3e15c761ee1a5e255f067953623c8b388b4459e13f978d7c846f4', '박지민', 'jimin@example.com', 'M', '1985-05-15', '54321', '대전시 유성구 봉명동', '010-6677-8899', '고객', NULL, NULL, NULL, NULL, NULL, NULL, NULL, NULL, '2024-02-01 12:00:00', '2024-02-01 12:00:00', 'C3de4f5gh', 'C3de4f5gh', 'Y'),
	('G008', '03ac674216f3e15c761ee1a5e255f067953623c8b388b4459e13f978d7c846f4', '이유리', 'yuri@example.com', 'M', '1992-07-21', '67890', '광주시 서구 치평동', '010-7788-9900', '입주자', '2024-06-01 12:00:00', '2025-06-01 12:00:00', 'RS203', 'N', 'No note', '김짱구', '010-0987-6543', '제', '2024-06-01 12:00:00', '2024-06-01 12:00:00', 'C3de4f5gh', 'C3de4f5gh', 'Y'),
	('G009', '03ac674216f3e15c761ee1a5e255f067953623c8b388b4459e13f978d7c846f4', '윤정한', 'john@example.com', 'F', '1995-04-18', '98765', '울산시 남구 신정동', '010-8899-0011', '고객', NULL, NULL, NULL, NULL, NULL, NULL, NULL, NULL, '2024-04-01 12:00:00', '2024-04-01 12:00:00', 'C3de4f5gh', 'C3de4f5gh', 'Y'),
	('G010', '03ac674216f3e15c761ee1a5e255f067953623c8b388b4459e13f978d7c846f4', '최승철', 'joy@example.com', 'F', '1998-12-30', '45678', '울산시 남구 신정동', '010-9900-1122', '입주자', '2024-07-01 12:00:00', '2025-07-01 12:00:00', 'RS205', 'Y', 'No note', '박승미', '010-2109-8765', '매', '2024-07-01 12:00:00', '2024-07-01 12:00:00', 'C3de4f5gh', 'C3de4f5gh', 'Y'),
	('G011', '03ac674216f3e15c761ee1a5e255f067953623c8b388b4459e13f978d7c846f4', '김태리', 'hope@example.com', 'F', '1976-01-01', '12345', '인천시 남동구 구월동', '010-5566-7788', '입주자', '2024-07-03 12:00:00', '2025-07-03 12:00:00', 'RS303', 'N', 'No note', '박미선', '010-8765-4321', '모', '2024-07-03 12:00:00', '2024-07-03 12:00:00', 'C3de4f5gh', 'C3de4f5gh', 'Y'),
	('G012', '03ac674216f3e15c761ee1a5e255f067953623c8b388b4459e13f978d7c846f4', '오승엽', 'black@example.com', 'M', '1978-01-01', '67891', '인천시 석남 ', '010-5566-7788', '입주자', '2024-06-03 12:00:00', '2025-06-03 12:00:00', 'RS405', 'N', 'No note', '박혜진', '010-8765-4321', '모', '2024-06-03 12:00:00', '2024-06-03 12:00:00', 'C3de4f5gh', 'C3de4f5gh', 'Y'),
	('G013', '03ac674216f3e15c761ee1a5e255f067953623c8b388b4459e13f978d7c846f4', '임유진', 'lim@example.com', 'M', '1985-05-15', '54321', '대전시 유성구 봉명동', '010-6677-8899', '고객', NULL, NULL, NULL, NULL, NULL, NULL, NULL, NULL, '2024-07-03 12:00:00', '2024-07-03 12:00:00', 'C3de4f5gh', 'C3de4f5gh', 'Y'),
	('G014', '03ac674216f3e15c761ee1a5e255f067953623c8b388b4459e13f978d7c846f4', '박수진', 'park@example.com', 'M', '1992-07-21', '67890', '광주시 서구 치평동', '010-7788-9900', '고객', NULL, NULL, NULL, NULL, NULL, NULL, NULL, NULL, '2024-07-03 12:00:00', '2024-07-03 12:00:00', 'C3de4f5gh', 'C3de4f5gh', 'Y'),
	('G015', '03ac674216f3e15c761ee1a5e255f067953623c8b388b4459e13f978d7c846f4', '이하얀', 'lee@example.com', 'F', '1995-04-18', '98765', '부산시 해운대구', '010-8899-0011', '고객', NULL, NULL, NULL, NULL, NULL, NULL, NULL, NULL, '2024-07-03 12:00:00', '2024-07-03 12:00:00', 'C3de4f5gh', 'C3de4f5gh', 'Y'),
	('G016', '03ac674216f3e15c761ee1a5e255f067953623c8b388b4459e13f978d7c846f4', '장유나', 'jang@example.com', 'F', '1995-04-18', '98765', '울산시 남구 신정동', '010-8899-0011', '고객', NULL, NULL, NULL, NULL, NULL, NULL, NULL, NULL, '2024-07-03 12:00:00', '2024-07-03 12:00:00', 'C3de4f5gh', 'C3de4f5gh', 'Y'),
	('G017', '03ac674216f3e15c761ee1a5e255f067953623c8b388b4459e13f978d7c846f4', '성초희', 'cho@example.com', 'F', '1978-01-01', '12345', '인천시 남동구 구월동', '010-5566-7788', '고객', NULL, NULL, NULL, NULL, NULL, NULL, NULL, NULL, '2024-07-03 12:00:00', '2024-07-03 12:00:00', 'C3de4f5gh', 'C3de4f5gh', 'Y'),
	('G018', '03ac674216f3e15c761ee1a5e255f067953623c8b388b4459e13f978d7c846f4', '조미서', 'zoo@example.com', 'F', '1978-01-01', '12345', '인천시 남동구 구월동', '010-5566-7788', '고객', NULL, NULL, NULL, NULL, NULL, NULL, NULL, NULL, '2023-02-01 12:00:00', '2023-02-01 12:00:00', 'C3de4f5gh', 'C3de4f5gh', 'Y'),
	('G019', '03ac674216f3e15c761ee1a5e255f067953623c8b388b4459e13f978d7c846f4', '오수빈', 'oh@example.com', 'M', '1985-05-15', '54321', '대전시 유성구 봉명동', '010-6677-8899', '고객', NULL, NULL, NULL, NULL, NULL, NULL, NULL, NULL, '2023-02-01 12:00:00', '2023-02-01 12:00:00', 'C3de4f5gh', 'C3de4f5gh', 'Y'),
	('G020', '03ac674216f3e15c761ee1a5e255f067953623c8b388b4459e13f978d7c846f4', '장기혁', 'jang12@example.com', 'M', '1992-07-21', '67890', '광주시 서구 치평동', '010-7788-9900', '고객', NULL, NULL, NULL, NULL, NULL, NULL, NULL, NULL, '2023-04-01 12:00:00', '2023-04-01 12:00:00', 'C3de4f5gh', 'C3de4f5gh', 'Y'),
	('G021', '03ac674216f3e15c761ee1a5e255f067953623c8b388b4459e13f978d7c846f4', '주태백', 'jjooo@example.com', 'F', '1995-04-18', '98765', '울산시 남구 신정동', '010-8899-0011', '고객', NULL, NULL, NULL, NULL, NULL, NULL, NULL, NULL, '2023-04-01 12:00:00', '2023-04-01 12:00:00', 'C3de4f5gh', 'C3de4f5gh', 'Y'),
	('G022', '03ac674216f3e15c761ee1a5e255f067953623c8b388b4459e13f978d7c846f4', '박민지', 'min@example.com', 'F', '1995-04-18', '98765', '울산시 남구 신정동', '010-8899-0011', '고객', NULL, NULL, NULL, NULL, NULL, NULL, NULL, NULL, '2023-04-01 12:00:00', '2023-04-01 12:00:00', 'C3de4f5gh', 'C3de4f5gh', 'Y'),
	('G023', '03ac674216f3e15c761ee1a5e255f067953623c8b388b4459e13f978d7c846f4', '이윤혜', 'yun@example.com', 'F', '1998-12-30', '45678', '울산시 남구 신정동', '010-9900-1122', '고객', NULL, NULL, NULL, NULL, NULL, NULL, NULL, NULL, '2023-04-01 12:00:00', '2023-04-01 12:00:00', 'C3de4f5gh', 'C3de4f5gh', 'Y'),
	('G024', '03ac674216f3e15c761ee1a5e255f067953623c8b388b4459e13f978d7c846f4', '유여정', 'you@example.com', 'F', '1978-01-01', '12345', '인천시 남동구 구월동', '010-5566-7788', '고객', NULL, NULL, NULL, NULL, NULL, NULL, NULL, NULL, '2023-02-01 12:00:00', '2023-02-01 12:00:00', 'C3de4f5gh', 'C3de4f5gh', 'N'),
	('G025', '03ac674216f3e15c761ee1a5e255f067953623c8b388b4459e13f978d7c846f4', '조수아', 'suu@example.com', 'M', '1985-05-15', '54321', '대전시 유성구 봉명동', '010-6677-8899', '입주자', '2024-01-01 12:00:00', '2024-07-01 12:00:00', 'RS204', 'N', 'No note', 'Henry Doe', '010-2109-8765', '삼촌', '2024-01-01 12:00:00', '2024-07-01 12:00:00', 'C3de4f5gh', 'C3de4f5gh', 'N');

-- 테이블 topaz.leave 구조 내보내기
CREATE TABLE IF NOT EXISTS `leave` (
  `emp_no` varchar(50) NOT NULL,
  `emp_grade` varchar(50) NOT NULL COMMENT '공통 코드E002(1:사원, 2:대리, 3:팀장, 4:부장)',
  `year_count` int(11) DEFAULT NULL COMMENT '공통 코드E004(E:10, A:12, M:15, H:18) ',
  `month_count` int(11) DEFAULT NULL,
  `half_count` int(11) DEFAULT NULL,
  `reg_time` datetime NOT NULL,
  `mod_time` datetime NOT NULL,
  `reg_id` varchar(50) NOT NULL,
  `mod_id` varchar(50) NOT NULL,
  `use_yn` varchar(50) NOT NULL COMMENT '공통 코드 A002(Y:예, N:아니오)		',
  PRIMARY KEY (`emp_no`)
) ENGINE=InnoDB DEFAULT CHARSET=utf8 COLLATE=utf8_general_ci COMMENT='직원 휴가 개수';

-- 테이블 데이터 topaz.leave:~15 rows (대략적) 내보내기
INSERT INTO `leave` (`emp_no`, `emp_grade`, `year_count`, `month_count`, `half_count`, `reg_time`, `mod_time`, `reg_id`, `mod_id`, `use_yn`) VALUES
	('A1bc2d3ef', '대리', 12, NULL, NULL, '2024-07-03 22:08:33', '2024-07-03 22:08:33', 'admin', 'admin', 'Y'),
	('B2cd3e4fg', '사원', 10, NULL, NULL, '2024-07-03 22:08:41', '2024-07-03 22:08:41', 'admin', 'admin', 'Y'),
	('C1sa1sdf2', '부장', 18, NULL, NULL, '2024-07-03 22:08:49', '2024-07-03 22:08:49', 'admin', 'admin', 'Y'),
	('C3de4f5gh', '부장', 18, NULL, NULL, '2024-07-03 22:08:57', '2024-07-03 22:08:57', 'admin', 'admin', 'Y'),
	('D4ef5g6hi', '대리', 12, NULL, NULL, '2024-07-03 22:09:08', '2024-07-03 22:09:08', 'admin', 'admin', 'Y'),
	('E2856cea8', '사원', 10, NULL, NULL, '2024-07-03 22:09:18', '2024-07-03 22:09:18', 'admin', 'admin', 'Y'),
	('E5fg6h7ij', '팀장', 15, NULL, NULL, '2024-07-03 22:09:26', '2024-07-03 22:09:26', 'admin', 'admin', 'Y'),
	('Es1a1s2f5', '사원', 10, NULL, NULL, '2024-07-03 22:09:33', '2024-07-03 22:09:33', 'admin', 'admin', 'Y'),
	('F6gh7i8jk', '부장', 18, NULL, NULL, '2024-07-03 22:09:40', '2024-07-03 22:09:40', 'admin', 'admin', 'Y'),
	('G7hi8j9kl', '사원', 10, NULL, NULL, '2024-07-03 22:09:47', '2024-07-03 22:09:47', 'admin', 'admin', 'Y'),
	('H8ij9k0lm', '팀장', 15, NULL, NULL, '2024-07-03 22:09:57', '2024-07-03 22:09:57', 'admin', 'admin', 'Y'),
	('I9jk0l1mn', '부장', 18, NULL, NULL, '2024-07-03 22:10:07', '2024-07-03 22:10:07', 'admin', 'admin', 'Y'),
	('J0kl1m2no', '팀장', 15, NULL, NULL, '2024-07-03 22:10:14', '2024-07-03 22:10:14', 'admin', 'admin', 'Y'),
	('M12356ce8', '대리', 12, NULL, NULL, '2024-07-03 22:10:23', '2024-07-03 22:10:23', 'admin', 'admin', 'Y'),
	('Wsd1fsdf3', '팀장', 15, NULL, NULL, '2024-07-03 22:10:32', '2024-07-03 22:10:32', 'admin', 'admin', 'Y');

-- 테이블 topaz.leave_history 구조 내보내기
CREATE TABLE IF NOT EXISTS `leave_history` (
  `leave_history_no` varchar(50) NOT NULL,
  `emp_no` varchar(50) NOT NULL,
  `approval_doc_no` varchar(50) NOT NULL,
  `leave_content` varchar(50) NOT NULL,
  `start_time` datetime NOT NULL,
  `end_time` datetime NOT NULL,
  `regi_time` datetime NOT NULL,
  `mod_time` datetime NOT NULL,
  `reg_id` varchar(50) NOT NULL,
  `mod_id` varchar(50) NOT NULL,
  `use_yn` varchar(50) NOT NULL COMMENT '공통 코드 A002(Y:예, N:아니오)',
  PRIMARY KEY (`leave_history_no`)
) ENGINE=InnoDB DEFAULT CHARSET=utf8 COLLATE=utf8_general_ci COMMENT='휴가 사용 이력';

-- 테이블 데이터 topaz.leave_history:~0 rows (대략적) 내보내기

-- 테이블 topaz.news_notice 구조 내보내기
CREATE TABLE IF NOT EXISTS `news_notice` (
  `news_no` varchar(50) NOT NULL,
  `title` varchar(100) NOT NULL,
  `content` text NOT NULL,
  `grade` varchar(50) DEFAULT NULL COMMENT '공통 코드 W004(1:직원, 2:외주 업체)',
  `category` varchar(50) NOT NULL COMMENT '공통 코드 W005(1:필독, 2:일반, 3:이벤트)',
  `start_date` datetime DEFAULT NULL,
  `end_date` datetime DEFAULT NULL,
  `views` int(11) DEFAULT NULL,
  `reg_time` datetime NOT NULL,
  `mod_time` datetime NOT NULL,
  `reg_id` varchar(50) NOT NULL,
  `mod_id` varchar(50) NOT NULL,
  `use_yn` varchar(50) NOT NULL COMMENT '공통 코드 A002(Y:예, N:아니오)',
  PRIMARY KEY (`news_no`)
) ENGINE=InnoDB DEFAULT CHARSET=utf8 COLLATE=utf8_general_ci COMMENT='소식 테이블';

-- 테이블 데이터 topaz.news_notice:~26 rows (대략적) 내보내기
INSERT INTO `news_notice` (`news_no`, `title`, `content`, `grade`, `category`, `start_date`, `end_date`, `views`, `reg_time`, `mod_time`, `reg_id`, `mod_id`, `use_yn`) VALUES
	('2024-07-04 16:32:23.70485', '사내공지사항', '2023년 첫 공지사항입니다.', '1', '1', NULL, NULL, NULL, '2023-01-01 09:00:00', '2023-01-01 09:00:00', 'C3de4f5gh', 'C3de4f5gh', 'Y'),
	('2024-07-04 16:32:32.38461', '설 연휴 휴가 안내', '설 연휴 기간 동안의 휴가 안내입니다.', '1', '2', NULL, NULL, NULL, '2023-01-20 09:00:00', '2023-01-20 09:00:00', 'C3de4f5gh', 'C3de4f5gh', 'Y'),
	('2024-07-04 16:32:40.68000', '이벤트 공지', '사내 이벤트에 대한 공지사항입니다.', '1', '3', '2024-07-05 09:00:00', '2024-07-05 16:00:00', NULL, '2023-02-01 09:00:00', '2023-02-01 09:00:00', 'C3de4f5gh', 'C3de4f5gh', 'Y'),
	('2024-07-04 16:32:47.89011', '업무 개선 안내', '업무 개선 사항에 대한 안내입니다.', '1', '2', NULL, NULL, NULL, '2023-03-01 09:00:00', '2023-03-01 09:00:00', 'C3de4f5gh', 'C3de4f5gh', 'Y'),
	('2024-07-04 16:32:55.26456', '외주업체 공지', '외주업체 관련 공지사항입니다.', '2', '2', NULL, NULL, NULL, '2023-04-01 09:00:00', '2023-04-01 09:00:00', 'C3de4f5gh', 'C3de4f5gh', 'Y'),
	('2024-07-04 16:33:02.50083', '신규 프로젝트 안내', '신규 프로젝트에 대한 안내입니다.', '1', '1', NULL, NULL, NULL, '2023-05-01 09:00:00', '2023-05-01 09:00:00', 'C3de4f5gh', 'C3de4f5gh', 'Y'),
	('2024-07-04 16:33:09.76749', '사내 규정 변경', '사내 규정 변경에 대한 안내입니다.', '1', '1', NULL, NULL, NULL, '2023-06-01 09:00:00', '2023-06-01 09:00:00', 'C3de4f5gh', 'C3de4f5gh', 'Y'),
	('2024-07-04 16:33:16.59958', '회의 일정 공지', '회의 일정에 대한 공지사항입니다.', '1', '2', NULL, NULL, NULL, '2023-07-01 09:00:00', '2023-07-01 09:00:00', 'C3de4f5gh', 'C3de4f5gh', 'Y'),
	('2024-07-04 16:33:21.86707', '휴가 일정 안내', '하계 휴가 일정에 대한 안내입니다.', '1', '2', NULL, NULL, NULL, '2023-08-01 09:00:00', '2023-08-01 09:00:00', 'C3de4f5gh', 'C3de4f5gh', 'Y'),
	('2024-07-04 16:33:26.96195', '직원 교육 안내', '직원 교육 일정에 대한 안내입니다.', '1', '2', NULL, NULL, NULL, '2023-09-01 09:00:00', '2023-09-01 09:00:00', 'C3de4f5gh', 'C3de4f5gh', 'Y'),
	('2024-07-04 16:33:31.30361', '보안 교육 안내', '보안 교육에 대한 안내입니다.', '1', '1', NULL, NULL, NULL, '2023-10-01 09:00:00', '2023-10-01 09:00:00', 'C3de4f5gh', 'C3de4f5gh', 'Y'),
	('2024-07-04 16:33:37.23253', '워크샵 일정 공지', '워크샵 일정에 대한 공지사항입니다.', '1', '3', '2024-07-04 09:00:00', '2024-07-05 09:00:00', NULL, '2023-11-01 09:00:00', '2023-11-01 09:00:00', 'C3de4f5gh', 'C3de4f5gh', 'Y'),
	('2024-07-04 16:33:43.05926', '업무 평가 안내', '업무 평가에 대한 안내입니다.', '1', '2', NULL, NULL, NULL, '2023-12-01 09:00:00', '2023-12-01 09:00:00', 'C3de4f5gh', 'C3de4f5gh', 'Y'),
	('2024-07-04 16:33:48.32751', '연말 일정 안내', '연말 일정에 대한 안내입니다.', '1', '2', NULL, NULL, NULL, '2024-01-01 09:00:00', '2024-01-01 09:00:00', 'C3de4f5gh', 'C3de4f5gh', 'Y'),
	('2024-07-04 16:33:53.44431', '2023 신년 인사', '2023년 첫 공지사항입니다.', '2', '2', NULL, NULL, 100, '2023-01-01 09:00:00', '2023-01-01 09:00:00', 'admin', 'admin', 'Y'),
	('2024-07-04 16:33:57.84002', '2024 신년 인사', '2024년 신년 인사입니다.', '2', '2', NULL, NULL, 120, '2024-01-01 09:00:00', '2024-01-01 09:00:00', 'admin', 'admin', 'Y'),
	('2024-07-04 16:34:02.17255', '나들이 일정 공지드립니다.', '일정 안내', '2', '2', NULL, NULL, 0, '2024-06-15 09:00:00', '2024-06-15 09:00:00', 'admin', 'admin', 'Y'),
	('2024-07-04 16:34:06.28105', '금주 운영 프로그램', '금주 운영 프로그램을 아래와 같이 안내드립니다.', '2', '2', NULL, NULL, 1, '2024-06-17 09:00:00', '2024-06-17 09:00:00', 'admin', 'admin', 'Y'),
	('2024-07-04 16:34:10.45776', '나들이 일정 공지드립니다.', '일정 안내', '2', '2', NULL, NULL, 2, '2024-06-21 09:00:00', '2024-06-21 09:00:00', 'admin', 'admin', 'Y'),
	('2024-07-04 16:34:15.36908', '금주 운영 프로그램', '금주 운영 프로그램을 아래와 같이 안내드립니다.', '2', '2', NULL, NULL, 3, '2024-06-24 09:00:00', '2024-06-24 09:00:00', 'admin', 'admin', 'Y'),
	('2024-07-04 16:34:19.04642', '나들이 일정 공지드립니다.', '일정 안내', '2', '2', NULL, NULL, 4, '2024-06-27 09:00:00', '2024-06-27 09:00:00', 'admin', 'admin', 'N'),
	('2024-07-04 16:34:23.08500', '나들이 일정 공지드립니다.', '일정 안내', '2', '2', NULL, NULL, 5, '2024-06-30 09:00:00', '2024-06-30 09:00:00', 'admin', 'admin', 'Y'),
	('2024-07-04 16:34:27.22951', '금주 운영 프로그램', '금주 운영 프로그램을 아래와 같이 안내드립니다.', '2', '2', NULL, NULL, 6, '2024-07-01 09:00:00', '2024-07-01 09:00:00', 'admin', 'admin', 'Y'),
	('2024-07-04 16:34:31.93602', '나들이 일정 공지드립니다.', '일정 안내', '2', '2', NULL, NULL, 7, '2024-07-02 09:00:00', '2024-07-02 09:00:00', 'admin', 'admin', 'Y'),
	('2024-07-04 16:34:36.95999', '나들이 일정 공지드립니다.', '일정 안내', '2', '2', NULL, NULL, 8, '2024-07-03 09:00:00', '2024-07-03 09:00:00', 'admin', 'admin', 'N'),
	('2024-07-04 16:34:42.44647', '나들이 일정 공지드립니다.', '일정 안내', '2', '2', NULL, NULL, 9, '2024-07-04 09:00:00', '2024-07-04 09:00:00', 'admin', 'admin', 'Y');

-- 테이블 topaz.note_history 구조 내보내기
CREATE TABLE IF NOT EXISTS `note_history` (
  `note_id` varchar(50) NOT NULL,
  `sender_id` varchar(50) NOT NULL,
  `receiver_id` varchar(50) NOT NULL,
  `note_content` text NOT NULL,
  `send_time` datetime NOT NULL,
  `receive_time` datetime NOT NULL,
  `reg_time` datetime NOT NULL,
  `mod_time` datetime NOT NULL,
  `reg_id` varchar(50) NOT NULL,
  `mod_id` varchar(50) NOT NULL,
  `use_yn` varchar(50) NOT NULL COMMENT '공통 코드 A002(Y:예, N:아니오)',
  PRIMARY KEY (`note_id`)
) ENGINE=InnoDB DEFAULT CHARSET=utf8 COLLATE=utf8_general_ci COMMENT='쪽지 테이블';

-- 테이블 데이터 topaz.note_history:~15 rows (대략적) 내보내기
INSERT INTO `note_history` (`note_id`, `sender_id`, `receiver_id`, `note_content`, `send_time`, `receive_time`, `reg_time`, `mod_time`, `reg_id`, `mod_id`, `use_yn`) VALUES
	('2024-07-03 22:13:03.66757', 'A1bc2d3ef', 'B2cd3e4fg', '안녕하세요!!', '2024-06-30 08:00:00', '2024-06-30 09:00:00', '2024-07-03 22:13:03', '2024-07-03 22:13:03', 'A1bc2d3ef', 'A1bc2d3ef', 'Y'),
	('2024-07-03 22:13:11.39676', 'C1sa1sdf2', 'C3de4f5gh', '안녕하세요!!', '2024-06-29 08:00:00', '2024-06-29 09:00:00', '2024-07-03 22:13:11', '2024-07-03 22:13:11', 'C1sa1sdf2', 'C1sa1sdf2', 'Y'),
	('2024-07-03 22:13:19.40386', 'D4ef5g6hi', 'E2856cea8', '안녕하세요!!', '2024-06-28 08:00:00', '2024-06-28 09:00:00', '2024-07-03 22:13:19', '2024-07-03 22:13:19', 'D4ef5g6hi', 'D4ef5g6hi', 'Y'),
	('2024-07-03 22:13:29.25965', 'E5fg6h7ij', 'Es1a1s2f5', '안녕하세요!!', '2024-06-27 08:00:00', '2024-06-27 09:00:00', '2024-07-03 22:13:29', '2024-07-03 22:13:29', 'E5fg6h7ij', 'E5fg6h7ij', 'Y'),
	('2024-07-03 22:13:39.47284', 'F6gh7i8jk', 'G7hi8j9kl', '안녕하세요!!', '2024-06-26 08:00:00', '2024-06-26 09:00:00', '2024-07-03 22:13:39', '2024-07-03 22:13:39', 'F6gh7i8jk', 'F6gh7i8jk', 'Y'),
	('2024-07-03 22:13:47.01820', 'H8ij9k0lm', 'I9jk0l1mn', '안녕하세요!!', '2024-06-25 08:00:00', '2024-06-25 09:00:00', '2024-07-03 22:13:47', '2024-07-03 22:13:47', 'H8ij9k0lm', 'H8ij9k0lm', 'Y'),
	('2024-07-03 22:13:58.87104', 'J0kl1m2no', 'M12356ce8', '안녕하세요!!', '2024-06-24 08:00:00', '2024-06-24 09:00:00', '2024-07-03 22:13:58', '2024-07-03 22:13:58', 'J0kl1m2no', 'J0kl1m2no', 'Y'),
	('2024-07-03 22:14:09.81140', 'Wsd1fsdf3', 'A1bc2d3ef', '안녕하세요!!', '2024-06-23 08:00:00', '2024-06-23 09:00:00', '2024-07-03 22:14:09', '2024-07-03 22:14:09', 'Wsd1fsdf3', 'Wsd1fsdf3', 'Y'),
	('2024-07-03 22:14:17.42936', 'B2cd3e4fg', 'C1sa1sdf2', '안녕하세요!!', '2024-06-22 08:00:00', '2024-06-22 09:00:00', '2024-07-03 22:14:17', '2024-07-03 22:14:17', 'B2cd3e4fg', 'B2cd3e4fg', 'Y'),
	('2024-07-03 22:14:26.56456', 'C3de4f5gh', 'D4ef5g6hi', '안녕하세요!!', '2024-06-21 08:00:00', '2024-06-21 09:00:00', '2024-07-03 22:14:26', '2024-07-03 22:14:26', 'C3de4f5gh', 'C3de4f5gh', 'Y'),
	('2024-07-03 22:14:34.16790', 'E2856cea8', 'E5fg6h7ij', '안녕하세요!!', '2024-06-20 08:00:00', '2024-06-20 09:00:00', '2024-07-03 22:14:34', '2024-07-03 22:14:34', 'E2856cea8', 'E2856cea8', 'Y'),
	('2024-07-03 22:14:42.86562', 'Es1a1s2f5', 'F6gh7i8jk', '안녕하세요!!', '2024-06-19 08:00:00', '2024-06-19 09:00:00', '2024-07-03 22:14:42', '2024-07-03 22:14:42', 'Es1a1s2f5', 'Es1a1s2f5', 'Y'),
	('2024-07-03 22:14:50.91286', 'G7hi8j9kl', 'H8ij9k0lm', '안녕하세요!!', '2024-06-18 08:00:00', '2024-06-18 09:00:00', '2024-07-03 22:14:50', '2024-07-03 22:14:50', 'G7hi8j9kl', 'G7hi8j9kl', 'Y'),
	('2024-07-03 22:14:57.94090', 'I9jk0l1mn', 'J0kl1m2no', '안녕하세요!!', '2024-06-17 08:00:00', '2024-06-17 09:00:00', '2024-07-03 22:14:57', '2024-07-03 22:14:57', 'I9jk0l1mn', 'I9jk0l1mn', 'Y'),
	('2024-07-03 22:15:06.29759', 'M12356ce8', 'Wsd1fsdf3', '안녕하세요!!', '2024-06-16 08:00:00', '2024-06-16 09:00:00', '2024-07-03 22:15:06', '2024-07-03 22:15:06', 'M12356ce8', 'M12356ce8', 'Y');

-- 테이블 topaz.old_pw_history 구조 내보내기
CREATE TABLE IF NOT EXISTS `old_pw_history` (
  `old_pw_no` varchar(50) NOT NULL,
  `user_no` varchar(50) NOT NULL COMMENT '직원번호, 사용자ID, 외주업체ID',
  `user_part` varchar(50) NOT NULL COMMENT '공통코드  A003(C:고객, E:직원, O:외주업체, R:입주자)',
  `old_pw` varchar(100) NOT NULL,
  `reg_time` datetime NOT NULL,
  `mod_time` datetime NOT NULL,
  `reg_id` varchar(50) NOT NULL,
  `mod_id` varchar(50) NOT NULL,
  `use_yn` varchar(50) NOT NULL COMMENT '공통코드 A002(Y:예, N:아니오)',
  PRIMARY KEY (`old_pw_no`)
) ENGINE=InnoDB DEFAULT CHARSET=utf8 COLLATE=utf8_general_ci COMMENT='비밀번호 이력 테이블';

-- 테이블 데이터 topaz.old_pw_history:~8 rows (대략적) 내보내기
INSERT INTO `old_pw_history` (`old_pw_no`, `user_no`, `user_part`, `old_pw`, `reg_time`, `mod_time`, `reg_id`, `mod_id`, `use_yn`) VALUES
	('2024-07-03 17:29:53.32849', 'G001', 'R', '0ffe1abd1a08215353c233d6e009613e95eec4253832a761af28ff37ac5a150c', '2024-07-03 17:29:53', '2024-07-03 17:29:53', 'G001', 'G001', 'N'),
	('2024-07-03 17:30:03.74319', 'G002', 'C', '0ffe1abd1a08215353c233d6e009613e95eec4253832a761af28ff37ac5a150c', '2024-07-03 17:30:03', '2024-07-03 17:30:03', 'G002', 'G002', 'N'),
	('2024-07-03 17:30:22.46652', 'A1bc2d3ef', 'E', '0ffe1abd1a08215353c233d6e009613e95eec4253832a761af28ff37ac5a150c', '2024-07-03 17:30:22', '2024-07-03 17:30:22', 'A1bc2d3ef', 'A1bc2d3ef', 'N'),
	('2024-07-03 17:30:35.57326', 'G007', 'C', '0ffe1abd1a08215353c233d6e009613e95eec4253832a761af28ff37ac5a150c', '2024-07-03 17:30:35', '2024-07-03 17:30:35', 'G007', 'G007', 'N'),
	('2024-07-03 17:31:06.26113', 'G004', 'R', '0ffe1abd1a08215353c233d6e009613e95eec4253832a761af28ff37ac5a150c', '2024-07-03 17:31:06', '2024-07-03 17:31:06', 'G004', 'G004', 'N'),
	('2024-07-03 17:31:22.13642', 'E5fg6h7ij', 'E', '0ffe1abd1a08215353c233d6e009613e95eec4253832a761af28ff37ac5a150c', '2024-07-03 17:31:22', '2024-07-03 17:31:22', 'E5fg6h7ij', 'E5fg6h7ij', 'N'),
	('2024-07-03 17:31:29.12647', 'O2', 'O', '0ffe1abd1a08215353c233d6e009613e95eec4253832a761af28ff37ac5a150c', '2024-07-03 17:31:29', '2024-07-03 17:31:29', 'O2', 'O2', 'N'),
	('2024-07-03 17:31:39.18042', 'O6', 'O', '0ffe1abd1a08215353c233d6e009613e95eec4253832a761af28ff37ac5a150c', '2024-07-03 17:31:39', '2024-07-03 17:31:39', 'O6', 'O6', 'N');

-- 테이블 topaz.outsourcing 구조 내보내기
CREATE TABLE IF NOT EXISTS `outsourcing` (
  `outsourcing_no` varchar(50) NOT NULL,
  `outsourcing_pw` varchar(100) NOT NULL,
  `outsourcing_name` varchar(50) NOT NULL,
  `outsourcing_state` varchar(50) NOT NULL COMMENT '공통 코드 W001(1:영업중, 2:영업종료, 3:상시)',
  `outsourcing_type` varchar(50) NOT NULL COMMENT '공통 코드 W002(1:상시, 2:예약)	',
  `incharge_name` varchar(50) NOT NULL,
  `contract_start` datetime NOT NULL,
  `contract_end` datetime NOT NULL,
  `emp_no` varchar(50) NOT NULL,
  `contact_no` varchar(50) NOT NULL,
  `post_no` varchar(50) NOT NULL,
  `address` varchar(50) NOT NULL,
  `reg_time` datetime NOT NULL,
  `mod_time` datetime NOT NULL,
  `reg_id` varchar(50) NOT NULL,
  `mod_id` varchar(50) NOT NULL,
  `use_yn` varchar(50) NOT NULL COMMENT '공통코드 A002(Y:예, N:아니오)	',
  PRIMARY KEY (`outsourcing_no`)
) ENGINE=InnoDB DEFAULT CHARSET=utf8mb4 COLLATE=utf8mb4_general_ci COMMENT='외주 업체	정보							';

-- 테이블 데이터 topaz.outsourcing:~7 rows (대략적) 내보내기
INSERT INTO `outsourcing` (`outsourcing_no`, `outsourcing_pw`, `outsourcing_name`, `outsourcing_state`, `outsourcing_type`, `incharge_name`, `contract_start`, `contract_end`, `emp_no`, `contact_no`, `post_no`, `address`, `reg_time`, `mod_time`, `reg_id`, `mod_id`, `use_yn`) VALUES
	('2024-07-03 17:31:39.18042', '03ac674216f3e15c761ee1a5e255f067953623c8b388b4459e13f978d7c846f4', '편의점', '3', '1', '김하루', '2023-01-01 00:00:00', '2024-01-01 00:00:00', 'C1sa1sdf2', '01011112222', '12345', '서울시 강남구 역삼동', '2023-01-01 16:08:29', '2023-01-01 16:08:29', 'C1sa1sdf2', 'C1sa1sdf2', 'N'),
	('2024-07-03 17:31:39.18122', '03ac674216f3e15c761ee1a5e255f067953623c8b388b4459e13f978d7c846f4', '미용실', '1', '2', '김구름', '2024-05-13 09:00:00', '2025-05-13 15:00:00', 'C1sa1sdf2', '01012345678', '98765', '서울시 강남구 삼성동', '2024-05-13 09:00:00', '2024-05-13 09:00:00', 'C1sa1sdf2', 'C1sa1sdf2', 'Y'),
	('2024-07-03 17:31:39.28042', '03ac674216f3e15c761ee1a5e255f067953623c8b388b4459e13f978d7c846f4', '마사지', '2', '2', '김나무', '2024-03-15 09:00:00', '2025-03-15 15:00:00', 'C1sa1sdf2', '01044445555', '44556', '서울시 강남구 청담동', '2024-03-15 09:00:00', '2024-03-15 09:00:00', 'C1sa1sdf2', 'C1sa1sdf2', 'Y'),
	('2024-07-03 17:31:39.38042', '03ac674216f3e15c761ee1a5e255f067953623c8b388b4459e13f978d7c846f4', '세탁', '2', '2', '김사랑', '2023-01-01 09:00:00', '2024-01-01 15:00:00', 'C1sa1sdf2', '01023456789', '45678', '서울시 강남구 논현동', '2023-01-01 09:00:00', '2023-01-01 09:00:00', 'C1sa1sdf2', 'C1sa1sdf2', 'N'),
	('2024-07-03 17:31:39.48042', '03ac674216f3e15c761ee1a5e255f067953623c8b388b4459e13f978d7c846f4', '어메니티 납품', '1', '1', '김희망', '2024-04-04 09:00:00', '2025-04-04 15:00:00', 'C1sa1sdf2', '01034567890', '65432', '서울시 강남구 신사동', '2024-04-04 09:00:00', '2024-04-04 09:00:00', 'C1sa1sdf2', 'C1sa1sdf2', 'Y'),
	('2024-07-03 17:31:39.58042', '03ac674216f3e15c761ee1a5e255f067953623c8b388b4459e13f978d7c846f4', '세탁', '1', '2', '김소망', '2024-01-02 09:00:00', '2025-01-01 15:00:00', 'C1sa1sdf2', '01023456789', '45678', '서울시 강남구 논현동', '2024-01-02 09:00:00', '2024-01-02 09:00:00', 'C1sa1sdf2', 'C1sa1sdf2', 'Y'),
	('2024-07-03 17:31:39.68042', '03ac674216f3e15c761ee1a5e255f067953623c8b388b4459e13f978d7c846f4', '편의점', '3', '1', '김영감', '2024-01-02 00:00:00', '2025-01-01 00:00:00', 'C1sa1sdf2', '01011112222', '12345', '서울시 강남구 역삼동', '2024-01-02 00:00:00', '2024-01-02 00:00:00', 'C1sa1sdf2', 'C1sa1sdf2', 'Y');

-- 테이블 topaz.outsourcing_rsvn 구조 내보내기
CREATE TABLE IF NOT EXISTS `outsourcing_rsvn` (
  `rsvn_no` varchar(50) NOT NULL,
  `outsourcing_no` varchar(50) NOT NULL,
  `title` varchar(50) NOT NULL,
  `state` varchar(50) NOT NULL COMMENT '공통코드 W006(1:대기, 2:확정, 3:취소)',
  `content` varchar(100) NOT NULL,
  `rsvn_start` datetime NOT NULL,
  `rsvn_end` datetime NOT NULL,
  `reg_time` datetime NOT NULL,
  `mod_time` datetime NOT NULL,
  `reg_id` varchar(50) NOT NULL,
  `mod_id` varchar(50) NOT NULL,
  `use_yn` varchar(50) NOT NULL COMMENT '공통코드 A002(Y:예, N:아니오)	',
  PRIMARY KEY (`rsvn_no`)
) ENGINE=InnoDB DEFAULT CHARSET=utf8mb4 COLLATE=utf8mb4_general_ci COMMENT='외주 업체 예약 일정';

-- 테이블 데이터 topaz.outsourcing_rsvn:~10 rows (대략적) 내보내기
INSERT INTO `outsourcing_rsvn` (`rsvn_no`, `outsourcing_no`, `title`, `state`, `content`, `rsvn_start`, `rsvn_end`, `reg_time`, `mod_time`, `reg_id`, `mod_id`, `use_yn`) VALUES
	('RSVN001', 'O3', '마사지 예약입니다', '1', 'RD101 입주자 마사지 예약', '2024-08-01 10:00:00', '2024-08-01 11:00:00', '2024-07-15 09:00:00', '2024-07-15 09:00:00', 'Wsd1fsdf3', 'Wsd1fsdf3', 'Y'),
	('RSVN002', 'O6', '세탁 서비스 예약', '2', 'RS103 입주자 세탁 서비스 예약', '2024-08-02 08:00:00', '2024-08-02 18:00:00', '2024-07-15 10:00:00', '2024-07-15 10:00:00', 'Wsd1fsdf3', 'Wsd1fsdf3', 'Y'),
	('RSVN003', 'O2', '미용실 예약', '3', 'RS105 입주자헤어컷 예약', '2024-08-05 14:00:00', '2024-08-05 15:00:00', '2024-07-16 11:00:00', '2024-07-16 11:00:00', 'Wsd1fsdf3', 'Wsd1fsdf3', 'Y'),
	('RSVN004', 'O3', '다른 마사지 예약', '1', 'RD201 입주자 등 마사지 예약', '2024-08-07 16:00:00', '2024-08-07 17:30:00', '2024-07-17 12:00:00', '2024-07-17 12:00:00', 'Wsd1fsdf3', 'Wsd1fsdf3', 'Y'),
	('RSVN005', 'O2', '헤어컬러링 서비스', '2', 'RD203 입주자 헤어컬러링 서비스 예약', '2024-08-10 09:00:00', '2024-08-10 11:00:00', '2024-07-18 09:30:00', '2024-07-18 09:30:00', 'Wsd1fsdf3', 'Wsd1fsdf3', 'Y'),
	('RSVN006', 'O3', '전신 마사지 패키지', '3', 'RS303 입주자 전신 마사지 패키지 예약', '2024-08-12 15:00:00', '2024-08-12 17:00:00', '2024-07-19 10:00:00', '2024-07-19 10:00:00', 'Wsd1fsdf3', 'Wsd1fsdf3', 'Y'),
	('RSVN007', 'O6', '정기 세탁 서비스', '1', 'RS405 입주자 세탁 서비스 예약', '2024-08-15 08:00:00', '2024-08-16 10:00:00', '2024-07-20 11:30:00', '2024-07-20 11:30:00', 'Wsd1fsdf3', 'Wsd1fsdf3', 'Y'),
	('RSVN008', 'O2', '문신 서비스', '2', 'RD101 입주자 컷트 미용 예약', '2024-07-02 13:00:00', '2024-07-02 14:30:00', '2024-07-21 12:30:00', '2024-07-21 12:30:00', 'Wsd1fsdf3', 'Wsd1fsdf3', 'Y'),
	('RSVN009', 'O3', '나고야 마사지 세션', '3', 'RD203 입주자 나고야 마사지 세션 예약', '2024-08-19 10:00:00', '2024-08-19 12:00:00', '2024-07-22 13:30:00', '2024-07-22 13:30:00', 'Wsd1fsdf3', 'Wsd1fsdf3', 'Y'),
	('RSVN010', 'O6', '긴급 세탁 서비스', '2', 'RS303 입주자 긴급 세탁 서비스 예약', '2024-07-02 13:00:00', '2024-07-02 14:00:00', '2024-07-23 14:30:00', '2024-07-23 14:30:00', 'Wsd1fsdf3', 'Wsd1fsdf3', 'Y');

-- 테이블 topaz.room 구조 내보내기
CREATE TABLE IF NOT EXISTS `room` (
  `room_no` varchar(50) NOT NULL,
  `room_type` varchar(50) NOT NULL,
  `room_dong` varchar(50) NOT NULL,
  `room_ho` varchar(50) NOT NULL,
  `room_state` varchar(50) NOT NULL COMMENT '공통코드 C003(1:ON, 2:OFF)	',
  `room_price` varchar(50) NOT NULL,
  `reg_time` datetime NOT NULL,
  `mod_time` datetime NOT NULL,
  `reg_id` varchar(50) NOT NULL,
  `mod_id` varchar(50) NOT NULL,
  `use_yn` varchar(50) NOT NULL COMMENT '공통코드 A002(Y:예, N:아니오)	',
  PRIMARY KEY (`room_no`)
) ENGINE=InnoDB DEFAULT CHARSET=utf8mb4 COLLATE=utf8mb4_general_ci COMMENT='객실 정보											';

-- 테이블 데이터 topaz.room:~40 rows (대략적) 내보내기
INSERT INTO `room` (`room_no`, `room_type`, `room_dong`, `room_ho`, `room_state`, `room_price`, `reg_time`, `mod_time`, `reg_id`, `mod_id`, `use_yn`) VALUES
	('RD101', 'A', '다이아몬드', '101', '1', '750000000', '2024-01-01 10:00:00', '2024-01-01 10:00:00', 'C3de4f5gh', 'C3de4f5gh', 'Y'),
	('RD102', 'A', '다이아몬드', '102', '2', '750000000', '2024-01-01 10:00:00', '2024-01-01 10:00:00', 'C3de4f5gh', 'C3de4f5gh', 'Y'),
	('RD103', 'B', '다이아몬드', '103', '2', '120000000', '2024-01-01 10:00:00', '2024-01-01 10:00:00', 'C3de4f5gh', 'C3de4f5gh', 'Y'),
	('RD104', 'B', '다이아몬드', '104', '2', '120000000', '2024-01-01 10:00:00', '2024-01-01 10:00:00', 'C3de4f5gh', 'C3de4f5gh', 'Y'),
	('RD105', 'B', '다이아몬드', '105', '2', '120000000', '2024-01-01 10:00:00', '2024-01-01 10:00:00', 'C3de4f5gh', 'C3de4f5gh', 'Y'),
	('RD201', 'A', '다이아몬드', '201', '1', '750000000', '2024-01-01 10:00:00', '2024-01-01 10:00:00', 'C3de4f5gh', 'C3de4f5gh', 'Y'),
	('RD202', 'A', '다이아몬드', '202', '2', '750000000', '2024-01-01 10:00:00', '2024-01-01 10:00:00', 'C3de4f5gh', 'C3de4f5gh', 'Y'),
	('RD203', 'B', '다이아몬드', '203', '2', '120000000', '2024-01-01 10:00:00', '2024-01-01 10:00:00', 'C3de4f5gh', 'C3de4f5gh', 'Y'),
	('RD204', 'B', '다이아몬드', '204', '2', '120000000', '2024-01-01 10:00:00', '2024-01-01 10:00:00', 'C3de4f5gh', 'C3de4f5gh', 'Y'),
	('RD205', 'B', '다이아몬드', '205', '2', '120000000', '2024-01-01 10:00:00', '2024-01-01 10:00:00', 'C3de4f5gh', 'C3de4f5gh', 'Y'),
	('RD301', 'A', '다이아몬드', '301', '2', '750000000', '2024-01-01 10:00:00', '2024-01-01 10:00:00', 'C3de4f5gh', 'C3de4f5gh', 'Y'),
	('RD302', 'A', '다이아몬드', '302', '2', '750000000', '2024-01-01 10:00:00', '2024-01-01 10:00:00', 'C3de4f5gh', 'C3de4f5gh', 'Y'),
	('RD303', 'B', '다이아몬드', '303', '2', '120000000', '2024-01-01 10:00:00', '2024-01-01 10:00:00', 'C3de4f5gh', 'C3de4f5gh', 'Y'),
	('RD304', 'B', '다이아몬드', '304', '2', '120000000', '2024-01-01 10:00:00', '2024-01-01 10:00:00', 'C3de4f5gh', 'C3de4f5gh', 'Y'),
	('RD305', 'B', '다이아몬드', '305', '2', '120000000', '2024-01-01 10:00:00', '2024-01-01 10:00:00', 'C3de4f5gh', 'C3de4f5gh', 'Y'),
	('RD401', 'A', '다이아몬드', '401', '2', '750000000', '2024-01-01 10:00:00', '2024-01-01 10:00:00', 'C3de4f5gh', 'C3de4f5gh', 'Y'),
	('RD402', 'A', '다이아몬드', '402', '2', '750000000', '2024-01-01 10:00:00', '2024-01-01 10:00:00', 'C3de4f5gh', 'C3de4f5gh', 'Y'),
	('RD403', 'B', '다이아몬드', '403', '2', '120000000', '2024-01-01 10:00:00', '2024-01-01 10:00:00', 'C3de4f5gh', 'C3de4f5gh', 'Y'),
	('RD404', 'B', '다이아몬드', '404', '2', '120000000', '2024-01-01 10:00:00', '2024-01-01 10:00:00', 'C3de4f5gh', 'C3de4f5gh', 'Y'),
	('RD405', 'B', '다이아몬드', '405', '2', '120000000', '2024-01-01 10:00:00', '2024-01-01 10:00:00', 'C3de4f5gh', 'C3de4f5gh', 'Y'),
	('RS101', 'A', '실버', '101', '2', '750000000', '2024-01-01 10:00:00', '2024-01-01 10:00:00', 'C3de4f5gh', 'C3de4f5gh', 'Y'),
	('RS102', 'A', '실버', '102', '2', '750000000', '2024-01-01 10:00:00', '2024-01-01 10:00:00', 'C3de4f5gh', 'C3de4f5gh', 'y'),
	('RS103', 'B', '실버', '103', '1', '1200000000', '2024-01-01 10:00:00', '2024-01-01 10:00:00', 'C3de4f5gh', 'C3de4f5gh', 'Y'),
	('RS104', 'B', '실버', '104', '2', '1200000000', '2024-01-01 10:00:00', '2024-01-01 10:00:00', 'C3de4f5gh', 'C3de4f5gh', 'Y'),
	('RS105', 'B', '실버', '105', '1', '1200000000', '2024-01-01 10:00:00', '2024-01-01 10:00:00', 'C3de4f5gh', 'C3de4f5gh', 'Y'),
	('RS201', 'A', '실버', '201', '2', '750000000', '2024-01-01 10:00:00', '2024-01-01 10:00:00', 'C3de4f5gh', 'C3de4f5gh', 'Y'),
	('RS202', 'A', '실버', '202', '2', '750000000', '2024-01-01 10:00:00', '2024-01-01 10:00:00', 'C3de4f5gh', 'C3de4f5gh', 'Y'),
	('RS203', 'B', '실버', '203', '1', '1200000000', '2024-01-01 10:00:00', '2024-01-01 10:00:00', 'C3de4f5gh', 'C3de4f5gh', 'Y'),
	('RS204', 'B', '실버', '204', '2', '1200000000', '2024-01-01 10:00:00', '2024-01-01 10:00:00', 'C3de4f5gh', 'C3de4f5gh', 'Y'),
	('RS205', 'B', '실버', '205', '1', '1200000000', '2024-01-01 10:00:00', '2024-01-01 10:00:00', 'C3de4f5gh', 'C3de4f5gh', 'Y'),
	('RS301', 'A', '실버', '301', '2', '750000000', '2024-01-01 10:00:00', '2024-01-01 10:00:00', 'C3de4f5gh', 'C3de4f5gh', 'Y'),
	('RS302', 'A', '실버', '302', '2', '750000000', '2024-01-01 10:00:00', '2024-01-01 10:00:00', 'C3de4f5gh', 'C3de4f5gh', 'Y'),
	('RS303', 'B', '실버', '303', '1', '1200000000', '2024-01-01 10:00:00', '2024-01-01 10:00:00', 'C3de4f5gh', 'C3de4f5gh', 'Y'),
	('RS304', 'B', '실버', '304', '2', '1200000000', '2024-01-01 10:00:00', '2024-01-01 10:00:00', 'C3de4f5gh', 'C3de4f5gh', 'Y'),
	('RS305', 'B', '실버', '305', '2', '1200000000', '2024-01-01 10:00:00', '2024-01-01 10:00:00', 'C3de4f5gh', 'C3de4f5gh', 'Y'),
	('RS401', 'A', '실버', '401', '2', '750000000', '2024-01-01 10:00:00', '2024-01-01 10:00:00', 'C3de4f5gh', 'C3de4f5gh', 'Y'),
	('RS402', 'A', '실버', '402', '2', '750000000', '2024-01-01 10:00:00', '2024-01-01 10:00:00', 'C3de4f5gh', 'C3de4f5gh', 'Y'),
	('RS403', 'B', '실버', '403', '2', '1200000000', '2024-01-01 10:00:00', '2024-01-01 10:00:00', 'C3de4f5gh', 'C3de4f5gh', 'Y'),
	('RS404', 'B', '실버', '404', '2', '1200000000', '2024-01-01 10:00:00', '2024-01-01 10:00:00', 'C3de4f5gh', 'C3de4f5gh', 'Y'),
	('RS405', 'B', '실버', '405', '1', '1200000000', '2024-01-01 10:00:00', '2024-01-01 10:00:00', 'C3de4f5gh', 'C3de4f5gh', 'Y');

-- 테이블 topaz.schedule 구조 내보내기
CREATE TABLE IF NOT EXISTS `schedule` (
  `schedule_no` varchar(50) NOT NULL,
  `title` varchar(50) NOT NULL,
  `type` varchar(50) NOT NULL COMMENT '공통코드 M001(1: 회의일정, 2: 행사, 3: 점검)',
  `content` varchar(50) NOT NULL,
  `start_date` datetime NOT NULL,
  `end_date` datetime NOT NULL,
  `reg_time` datetime NOT NULL,
  `mod_time` datetime NOT NULL,
  `reg_id` varchar(50) NOT NULL,
  `mod_id` varchar(50) NOT NULL,
  `use_yn` varchar(50) NOT NULL COMMENT '공통코드 A002(Y:예, N:아니오)		',
  PRIMARY KEY (`schedule_no`)
) ENGINE=InnoDB DEFAULT CHARSET=utf8mb4 COLLATE=utf8mb4_general_ci COMMENT='사내일정 								';

-- 테이블 데이터 topaz.schedule:~15 rows (대략적) 내보내기
INSERT INTO `schedule` (`schedule_no`, `title`, `type`, `content`, `start_date`, `end_date`, `reg_time`, `mod_time`, `reg_id`, `mod_id`, `use_yn`) VALUES
	('01', '고객 관리부 회의일정', '1', '주간 팀 회의', '2024-03-04 09:00:00', '2024-03-04 10:00:00', '2024-03-01 09:00:00', '2024-03-01 09:00:00', 'C3de4f5gh', 'C3de4f5gh', 'Y'),
	('02', '단체 영화보기 행사일정', '2', '부천CGV 어벤져스10', '2024-04-03 17:00:00', '2024-04-03 20:00:00', '2024-03-20 09:00:00', '2024-03-20 09:00:00', 'C3de4f5gh', 'C3de4f5gh', 'Y'),
	('03', '운동회  행사일정', '2', '토파즈 일동 춘계 운동회', '2024-04-15 09:00:00', '2024-04-15 20:00:00', '2024-04-01 09:00:00', '2024-04-01 09:00:00', 'C3de4f5gh', 'C3de4f5gh', 'Y'),
	('04', '소방점검 일정', '3', '2분기소방점검', '2024-05-04 14:00:00', '2024-05-04 15:00:00', '2024-04-20 09:00:00', '2024-04-20 09:00:00', 'C3de4f5gh', 'C3de4f5gh', 'Y'),
	('05', '전체 회의', '1', '전사 월간 회의', '2024-05-10 10:00:00', '2024-05-10 11:30:00', '2024-04-25 09:00:00', '2024-04-25 09:00:00', 'C3de4f5gh', 'C3de4f5gh', 'Y'),
	('06', '체육대회 행사', '2', '사내 체육대회', '2024-06-01 09:00:00', '2024-06-01 18:00:00', '2024-05-15 09:00:00', '2024-05-15 09:00:00', 'C3de4f5gh', 'C3de4f5gh', 'Y'),
	('07', '정기 점검', '3', '서버 정기 점검', '2024-06-05 00:00:00', '2024-06-05 06:00:00', '2024-05-20 09:00:00', '2024-05-20 09:00:00', 'C3de4f5gh', 'C3de4f5gh', 'Y'),
	('08', '부서별 회의', '1', '마케팅부 주간 회의', '2024-06-10 10:00:00', '2024-06-10 11:00:00', '2024-05-30 09:00:00', '2024-05-30 09:00:00', 'C3de4f5gh', 'C3de4f5gh', 'Y'),
	('09', '여름 축제', '2', '실버타운 여름 축제', '2024-07-01 10:00:00', '2024-07-01 18:00:00', '2024-06-15 09:00:00', '2024-06-15 09:00:00', 'C3de4f5gh', 'C3de4f5gh', 'Y'),
	('10', '시설 점검', '3', '건물 시설 점검', '2024-07-01 09:00:00', '2024-07-01 12:00:00', '2024-06-15 09:00:00', '2024-06-15 09:00:00', 'C3de4f5gh', 'C3de4f5gh', 'Y'),
	('11', '부서 회의', '1', '행정부 주간 회의', '2024-07-05 11:00:00', '2024-07-05 12:00:00', '2024-06-25 09:00:00', '2024-06-25 09:00:00', 'C3de4f5gh', 'C3de4f5gh', 'Y'),
	('12', '고객관리부 회의', '1', '고객 불만 사항 검토', '2024-07-10 14:00:00', '2024-07-10 15:30:00', '2024-07-01 09:00:00', '2024-07-01 09:00:00', 'C3de4f5gh', 'C3de4f5gh', 'Y'),
	('13', '봄나들이 행사', '2', '봄꽃 축제 나들이', '2024-04-10 10:00:00', '2024-04-10 15:00:00', '2024-03-25 09:00:00', '2024-03-25 09:00:00', 'C3de4f5gh', 'C3de4f5gh', 'Y'),
	('14', '추억의 노래방', '2', '실버타운 노래 자랑', '2024-09-20 14:00:00', '2024-09-20 17:00:00', '2024-09-01 09:00:00', '2024-09-01 09:00:00', 'C3de4f5gh', 'C3de4f5gh', 'Y'),
	('15', '연말 송년회', '2', '전사 송년회 행사', '2024-12-20 18:00:00', '2024-12-20 22:00:00', '2024-12-01 09:00:00', '2024-12-01 09:00:00', 'C3de4f5gh', 'C3de4f5gh', 'Y');

-- 테이블 topaz.volunteer 구조 내보내기
CREATE TABLE IF NOT EXISTS `volunteer` (
  `vol_no` varchar(50) NOT NULL,
  `vol_content` text NOT NULL,
  `vol_starttime` datetime NOT NULL,
  `vol_endtime` datetime NOT NULL,
  `vol_people` varchar(50) NOT NULL DEFAULT '',
  `reg_time` datetime NOT NULL,
  `mod_time` datetime NOT NULL,
  `reg_id` varchar(50) NOT NULL,
  `mod_id` varchar(50) NOT NULL,
  `use_yn` varchar(50) NOT NULL COMMENT '공통코드 A002(Y:예, N:아니오)	',
  PRIMARY KEY (`vol_no`)
) ENGINE=InnoDB DEFAULT CHARSET=utf8mb4 COLLATE=utf8mb4_general_ci COMMENT='봉사 등록(설명 및 인원 등록)											';

-- 테이블 데이터 topaz.volunteer:~15 rows (대략적) 내보내기
INSERT INTO `volunteer` (`vol_no`, `vol_content`, `vol_starttime`, `vol_endtime`, `vol_people`, `reg_time`, `mod_time`, `reg_id`, `mod_id`, `use_yn`) VALUES
	('2024-07-04 10:47:12.50321', '실버타운 주민들과의 음악 감상 및 연주 활동', '2024-08-23 14:00:00', '2024-08-23 17:00:00', '10', '2024-06-25 09:00:00', '2024-06-25 09:00:00', 'C3de4f5gh', 'C3de4f5gh', 'Y'),
	('2024-07-04 10:47:12.50322', '실버타운 주민들과의 그림 그리기 활동', '2024-08-16 13:00:00', '2024-08-16 16:00:00', '7', '2024-07-05 09:00:00', '2024-07-05 09:00:00', 'C3de4f5gh', 'C3de4f5gh', 'Y'),
	('2024-07-04 10:47:12.50811', '실버타운 정원 가꾸기 봉사', '2024-08-02 09:00:00', '2024-08-02 12:00:00', '8', '2024-07-04 09:00:00', '2024-07-04 09:00:00', 'C3de4f5gh', 'C3de4f5gh', 'Y'),
	('2024-07-04 10:47:12.50812', '실버타운 주민들과의 대화 및 상담 봉사', '2024-07-12 10:00:00', '2024-07-12 14:00:00', '15', '2024-07-05 09:00:00', '2024-07-05 09:00:00', 'C3de4f5gh', 'C3de4f5gh', 'Y'),
	('2024-07-04 10:47:12.50831', '실버타운 레크리에이션 진행', '2024-07-19 13:00:00', '2024-07-19 16:00:00', '20', '2024-07-12 09:00:00', '2024-07-12 09:00:00', 'C3de4f5gh', 'C3de4f5gh', 'Y'),
	('2024-07-04 10:47:12.50842', '실버타운 정원 청소 봉사', '2024-08-09 10:00:00', '2024-08-09 13:00:00', '5', '2024-07-05 09:00:00', '2024-07-05 09:00:00', 'C3de4f5gh', 'C3de4f5gh', 'Y'),
	('2024-07-04 10:47:12.50844', '실버타운 공원 청소 봉사 활동', '2024-07-05 09:00:00', '2024-07-05 12:00:00', '10', '2024-07-02 09:00:00', '2024-07-02 09:00:00', 'C3de4f5gh', 'C3de4f5gh', 'Y'),
	('2024-07-04 10:47:12.50852', '실버타운 주민들에게 스마트폰 사용법 교육', '2024-07-26 14:00:00', '2024-07-26 17:00:00', '12', '2024-07-10 09:00:00', '2024-07-10 09:00:00', 'C3de4f5gh', 'C3de4f5gh', 'Y'),
	('2024-07-04 10:47:12.51111', '실버타운  청소 및 관리 봉사', '2024-08-30 09:00:00', '2024-08-30 12:00:00', '6', '2024-06-23 09:00:00', '2024-06-23 09:00:00', 'C3de4f5gh', 'C3de4f5gh', 'Y'),
	('2024-07-04 10:47:12.51212', '실버타운 주민들과의 영화 상영 및 토론', '2024-09-06 13:00:00', '2024-09-06 16:00:00', '15', '2024-06-13 09:00:00', '2024-06-13 09:00:00', 'C3de4f5gh', 'C3de4f5gh', 'Y'),
	('2024-07-04 10:47:12.51313', '실버타운 내 미술 전시회 준비 봉사', '2024-09-20 09:00:00', '2024-09-20 12:00:00', '8', '2024-06-15 09:00:00', '2024-06-15 09:00:00', 'C3de4f5gh', 'C3de4f5gh', 'Y'),
	('2024-07-04 10:47:12.51414', '실버타운 주민들과의 책 읽기 및 토론', '2024-09-27 14:00:00', '2024-09-27 17:00:00', '12', '2024-06-12 09:00:00', '2024-06-12 09:00:00', 'C3de4f5gh', 'C3de4f5gh', 'Y'),
	('2024-07-04 10:47:12.52121', '실버타운 주민들과의 운동 및 건강 체조 봉사', '2024-09-13 10:00:00', '2024-09-13 13:00:00', '20', '2024-06-20 09:00:00', '2024-06-20 09:00:00', 'C3de4f5gh', 'C3de4f5gh', 'Y'),
	('2024-07-04 10:47:12.57474', '실버타운 내 주민들과 손뜨개 진행 ', '2024-10-04 13:00:00', '2024-10-04 16:00:00', '10', '2024-06-13 09:00:00', '2024-06-13 09:00:00', 'C3de4f5gh', 'C3de4f5gh', 'Y'),
	('2024-07-04 10:47:12.58686', '실버타운 주민들과의 사진 찍기 및 앨범 만들기 활동', '2024-10-11 09:00:00', '2024-10-11 12:00:00', '7', '2024-07-05 09:00:00', '2024-07-05 09:00:00', 'C3de4f5gh', 'C3de4f5gh', 'Y');

-- 테이블 topaz.volunteer_application 구조 내보내기
CREATE TABLE IF NOT EXISTS `volunteer_application` (
  `vol_app_no` varchar(50) NOT NULL,
  `vol_no` varchar(50) NOT NULL,
  `gst_id` varchar(50) NOT NULL,
  `vol_app_people` varchar(50) NOT NULL,
  `vol_app_comment` text NOT NULL,
  `vol_app_state` varchar(50) NOT NULL COMMENT '공통코드 W003(1:대기, 2:수락, 3:거절, 4:취소)',
  `reg_time` datetime NOT NULL,
  `mod_time` datetime NOT NULL,
  `reg_id` varchar(50) NOT NULL,
  `mod_id` varchar(50) NOT NULL,
  `use_yn` varchar(50) NOT NULL,
  PRIMARY KEY (`vol_app_no`)
) ENGINE=InnoDB DEFAULT CHARSET=utf8mb4 COLLATE=utf8mb4_general_ci COMMENT='봉사 신청 및 상태											';

-- 테이블 데이터 topaz.volunteer_application:~15 rows (대략적) 내보내기
INSERT INTO `volunteer_application` (`vol_app_no`, `vol_no`, `gst_id`, `vol_app_people`, `vol_app_comment`, `vol_app_state`, `reg_time`, `mod_time`, `reg_id`, `mod_id`, `use_yn`) VALUES
	('2024-07-04 10:46:56.87007', '01', 'G002', '10', '봉사 활동에 열심히 참여하겠습니다.', '1', '2024-07-03 10:00:00', '2024-07-03 10:00:00', 'Wsd1fsdf3', 'Wsd1fsdf3', 'Y'),
	('2024-07-04 10:47:12.50844', '02', 'G003', '15', '자원봉사에 참여하고 싶습니다.', '2', '2024-07-03 10:00:00', '2024-07-03 10:00:00', 'Wsd1fsdf3', 'Wsd1fsdf3', 'Y'),
	('2024-07-04 10:47:18.70710', '03', 'G007', '20', '봉사 활동을 통해 사회에 기여하고 싶습니다.', '3', '2024-07-03 10:00:00', '2024-07-03 10:00:00', 'Wsd1fsdf3', 'Wsd1fsdf3', 'N'),
	('2024-07-04 10:47:34.51275', '04', 'G009', '12', '다양한 봉사 활동에 참여하고 싶습니다.', '4', '2024-07-03 10:00:00', '2024-07-03 10:00:00', 'Wsd1fsdf3', 'Wsd1fsdf3', 'N'),
	('2024-07-04 10:47:44.89048', '05', 'G013', '8', '봉사를 통해 많은 것을 배우고 싶습니다.', '1', '2024-07-03 10:00:00', '2024-07-03 10:00:00', 'Wsd1fsdf3', 'Wsd1fsdf3', 'Y'),
	('2024-07-04 10:47:57.42269', '06', 'G014', '5', '봉사 활동에 열심히 참여하겠습니다.', '2', '2024-07-03 10:00:00', '2024-07-03 10:00:00', 'Wsd1fsdf3', 'Wsd1fsdf3', 'Y'),
	('2024-07-04 10:48:05.98714', '07', 'G015', '7', '자원봉사에 참여하고 싶습니다.', '3', '2024-07-03 10:00:00', '2024-07-03 10:00:00', 'Wsd1fsdf3', 'Wsd1fsdf3', 'N'),
	('2024-07-04 10:48:13.64112', '08', 'G016', '10', '봉사 활동을 통해 사회에 기여하고 싶습니다.', '4', '2024-07-03 10:00:00', '2024-07-03 10:00:00', 'Wsd1fsdf3', 'Wsd1fsdf3', 'N'),
	('2024-07-04 10:48:21.45242', '09', 'G017', '6', '다양한 봉사 활동에 참여하고 싶습니다.', '1', '2024-07-03 10:00:00', '2024-07-03 10:00:00', 'Wsd1fsdf3', 'Wsd1fsdf3', 'Y'),
	('2024-07-04 10:48:28.56949', '10', 'G018', '15', '봉사 활동에 열심히 참여하겠습니다.', '2', '2024-07-03 10:00:00', '2024-07-03 10:00:00', 'Wsd1fsdf3', 'Wsd1fsdf3', 'Y'),
	('2024-07-04 10:48:35.77286', '11', 'G019', '20', '자원봉사에 참여하고 싶습니다.', '3', '2024-07-04 10:00:00', '2024-07-04 10:00:00', 'Wsd1fsdf3', 'Wsd1fsdf3', 'N'),
	('2024-07-04 10:48:41.29313', '12', 'G020', '8', '봉사 활동을 통해 사회에 기여하고 싶습니다.', '4', '2024-07-04 10:00:00', '2024-07-04 10:00:00', 'Wsd1fsdf3', 'Wsd1fsdf3', 'N'),
	('2024-07-04 10:48:48.78387', '13', 'G021', '12', '다양한 봉사 활동에 참여하고 싶습니다.', '1', '2024-07-04 10:00:00', '2024-07-04 10:00:00', 'Wsd1fsdf3', 'Wsd1fsdf3', 'Y'),
	('2024-07-04 10:49:02.97898', '14', 'G022', '10', '봉사를 통해 많은 것을 배우고 싶습니다.', '2', '2024-07-04 10:00:00', '2024-07-04 10:00:00', 'Wsd1fsdf3', 'Wsd1fsdf3', 'Y'),
	('2024-07-04 10:49:10.31150', '15', 'G023', '7', '봉사 활동에 열심히 참여하겠습니다.', '2', '2024-07-04 10:00:00', '2024-07-04 10:00:00', 'Wsd1fsdf3', 'Wsd1fsdf3', 'Y');

/*!40103 SET TIME_ZONE=IFNULL(@OLD_TIME_ZONE, 'system') */;
/*!40101 SET SQL_MODE=IFNULL(@OLD_SQL_MODE, '') */;
/*!40014 SET FOREIGN_KEY_CHECKS=IFNULL(@OLD_FOREIGN_KEY_CHECKS, 1) */;
/*!40101 SET CHARACTER_SET_CLIENT=@OLD_CHARACTER_SET_CLIENT */;
/*!40111 SET SQL_NOTES=IFNULL(@OLD_SQL_NOTES, 1) */;
